treatment,Ch11.142,Ch11.143,Ch11.144,Ch11.145,Ch11.146,Ch11.147,Ch11.148,Ch11.149,Ch11.150,Ch12.141.9,Ch12.142.9,Ch12.143.9,Ch12.144.9,Ch12.146,Ch12.147,Ch12.148,Ch12.149,Ch12.150,Ch13.141.9,Ch13.142.9,Ch13.143.9,Ch13.144.9,Ch13.146,Ch13.147,Ch13.148,Ch13.149,Ch13.150,Ch14.141.9,Ch14.142.9,Ch14.143.9,Ch14.144.9,Ch14.146,Ch14.147,Ch14.148,Ch14.149,Ch14.150,Ch21.141.9,Ch21.142.9,Ch21.143.9,Ch21.144.9,Ch21.146,Ch21.147,Ch21.148,Ch21.149,Ch21.150,Ch23.141.9,Ch23.142.9,Ch23.143.9,Ch23.144.9,Ch23.146,Ch23.147,Ch23.148,Ch23.149,Ch23.150,Ch24.141.9,Ch24.142.9,Ch24.143.9,Ch24.144.9,Ch24.146,Ch24.147,Ch24.148,Ch24.149,Ch24.150,Ch31.141.9,Ch31.142.9,Ch31.143.9,Ch31.144.9,Ch31.146,Ch31.147,Ch31.148,Ch31.149,Ch31.150,Ch32.141.9,Ch32.142.9,Ch32.143.9,Ch32.144.9,Ch32.146,Ch32.147,Ch32.148,Ch32.149,Ch32.150,Ch33.141.9,Ch33.142.9,Ch33.143.9,Ch33.144.9,Ch33.146,Ch33.147,Ch33.148,Ch33.149
Control,-31.453,-31.449,-31.4475,-31.4454,-31.4439,-31.4425,-31.4423,-31.4416,43.0671,43.0826,43.098,43.1083,43.1178,43.124,43.1302,43.1346,43.1398,42.3879,42.4424,42.4801,42.5088,42.532,42.5492,42.5614,42.5723,42.5794,23.8473,23.8525,23.8541,23.8535,23.8555,23.8566,23.8574,23.8579,23.8569,19.9011,19.9163,19.9275,19.9325,19.9367,19.9443,19.9446,19.9499,19.9449,30.792,30.7957,30.8036,30.8065,30.8087,30.8085,30.8091,30.808,30.8089,-28.9299,-28.8212,-28.7442,-28.6818,-28.6325,-28.5907,-28.5602,-28.5339,-28.5009,5.216,6.3553,7.0178,7.4699,7.7693,7.9548,8.0723,8.158,8.2262,32.0974,32.2059,32.273,32.3215,32.3592,32.3844,32.4022,32.4153,32.4267,22.141,22.3932,22.5666,22.7013,22.8033,22.8778,22.93,22.9684,22.9965
Control,-32.7342,-32.7322,-32.7286,-32.7266,-32.7253,-32.7234,-32.7214,-32.7217,43.1855,43.1985,43.2105,43.2188,43.2267,43.2337,43.2372,43.2414,43.2443,43.4555,43.4927,43.5199,43.5428,43.5612,43.5766,43.5878,43.5965,43.6037,22.2542,22.2576,22.2601,22.2632,22.2656,22.2673,22.2686,22.2686,22.2694,18.1138,18.1253,18.1349,18.1448,18.1505,18.1572,18.163,18.1647,18.1637,30.461,30.4688,30.4698,30.4739,30.4788,30.481,30.4815,30.4812,30.4833,-26.8126,-26.734,-26.6757,-26.6229,-26.5765,-26.5352,-26.5043,-26.4724,-26.4481,27.3034,28.5682,29.2176,29.7435,30.123,30.3872,30.57,30.7048,30.81,32.7799,32.866,32.918,32.9636,32.9981,33.0249,33.0441,33.0576,33.0681,23.8896,24.0611,24.2018,24.3233,24.4237,24.5063,24.5704,24.6217,24.6625
Control,-31.8092,-31.806,-31.8056,-31.8033,-31.8023,-31.7995,-31.8005,-31.7994,43.0728,43.0797,43.0847,43.0884,43.0942,43.1,43.1026,43.1043,43.1069,42.5815,42.5989,42.6108,42.6245,42.6392,42.6521,42.6594,42.6641,42.6691,23.4313,23.433,23.4326,23.4333,23.4366,23.4378,23.4378,23.4379,23.437,19.45,19.457,19.4557,19.4602,19.4653,19.4691,19.4732,19.4715,19.4707,30.7012,30.7067,30.7046,30.7062,30.7087,30.7114,30.7127,30.7111,30.7106,-28.8408,-28.8062,-28.7862,-28.7498,-28.7216,-28.6961,-28.6814,-28.6586,-28.6466,7.0798,7.545,7.819,8.1666,8.449,8.6309,8.736,8.8138,8.8948,32.0061,32.0459,32.0684,32.0995,32.1274,32.1496,32.161,32.1684,32.1777,21.2583,21.3229,21.3725,21.429,21.4845,21.5275,21.5597,21.5842,21.6037
Control,-33.1662,-33.1636,-33.1618,-33.1595,-33.1566,-33.1554,-33.1548,-33.1534,43.1849,43.1919,43.1953,43.2009,43.2075,43.2119,43.2156,43.2192,43.2228,43.7426,43.7611,43.773,43.7872,43.8008,43.8099,43.8183,43.8257,43.832,21.6909,21.6927,21.695,21.6974,21.698,21.6987,21.7006,21.7024,21.703,17.501,17.5066,17.5126,17.5193,17.5236,17.5297,17.5313,17.5387,17.5371,30.3242,30.3294,30.3318,30.3344,30.335,30.3363,30.3383,30.3391,30.3395,-25.7311,-25.6931,-25.6579,-25.6234,-25.5927,-25.5595,-25.5374,-25.5179,-25.4889,34.3242,34.9629,35.3114,35.6783,35.9917,36.2324,36.4087,36.542,36.6397,32.9909,33.0321,33.0587,33.087,33.113,33.1349,33.1521,33.1671,33.1773,25.6072,25.6894,25.7604,25.8344,25.9065,25.9689,26.0257,26.0725,26.1109
Control,-32.4718,-32.4671,-32.4671,-32.4637,-32.4629,-32.4623,-32.4615,-32.4584,43.2014,43.2265,43.2404,43.2535,43.2632,43.2719,43.2753,43.2803,43.2864,43.3396,43.408,43.4507,43.4841,43.508,43.5257,43.5406,43.5523,43.562,22.5839,22.59,22.5923,22.5946,22.5957,22.5977,22.5992,22.599,22.6009,18.4921,18.514,18.5272,18.5381,18.5439,18.5497,18.5514,18.5596,18.5629,30.5417,30.5542,30.5583,30.563,30.5661,30.5656,30.567,30.5689,30.5675,-27.1271,-26.9775,-26.8749,-26.8022,-26.7371,-26.688,-26.6421,-26.6023,-26.5722,23.3779,25.5604,26.6067,27.2932,27.7275,28.0023,28.1978,28.3387,28.4443,32.7713,32.9271,33.0143,33.0773,33.1192,33.1495,33.1727,33.1908,33.2052,22.7924,23.1153,23.3651,23.5622,23.7104,23.8199,23.9018,23.9621,24.0072
Control,-31.7121,-31.7099,-31.707,-31.7069,-31.7058,-31.7048,-31.7049,-31.7053,43.1007,43.1177,43.1264,43.1348,43.142,43.1471,43.1516,43.1533,43.1557,42.5978,42.6482,42.6756,42.6996,42.7181,42.7314,42.7389,42.7438,42.7489,23.5391,23.5438,23.5435,23.5444,23.5462,23.5484,23.5486,23.5474,23.5465,19.559,19.5698,19.578,19.5816,19.5855,19.5902,19.5942,19.5963,19.59,30.72,30.7296,30.7315,30.7377,30.741,30.7403,30.7405,30.7369,30.7373,-28.661,-28.5673,-28.509,-28.4531,-28.4164,-28.3835,-28.3618,-28.3415,-28.3216,8.5963,9.7844,10.3714,10.7937,11.0418,11.1732,11.2449,11.3046,11.3681,32.1533,32.2569,32.3114,32.3544,32.3835,32.4022,32.4141,32.4196,32.4287,21.5656,21.7574,21.896,22.0082,22.09,22.1472,22.1843,22.2097,22.231
Control,-31.3937,-31.3899,-31.3876,-31.3869,-31.3851,-31.3852,-31.3842,-31.3842,43.0757,43.102,43.1183,43.1286,43.1396,43.1491,43.1531,43.1605,43.167,42.4259,42.4976,42.5439,42.5759,42.6052,42.6234,42.6368,42.6486,42.6597,23.9113,23.9155,23.9161,23.9182,23.919,23.9197,23.9197,23.9209,23.9206,19.9691,19.9884,19.9997,20.006,20.0119,20.0213,20.0154,20.0221,20.0215,30.8046,30.8169,30.8205,30.8211,30.8265,30.8272,30.8255,30.8237,30.8269,-28.7576,-28.6242,-28.5238,-28.4505,-28.3901,-28.3457,-28.307,-28.272,-28.2435,5.9558,7.4728,8.2662,8.7326,9.0779,9.2711,9.3835,9.4395,9.5398,32.2455,32.3893,32.47,32.5226,32.5662,32.5931,32.6102,32.6248,32.6395,22.0706,22.4156,22.6505,22.8201,22.9441,23.028,23.0853,23.1166,23.1492
Control,-32.8664,-32.8604,-32.8585,-32.857,-32.8536,-32.8523,-32.851,-32.851,43.2289,43.2469,43.263,43.2735,43.2825,43.2924,43.295,43.3025,43.3056,43.6578,43.7138,43.7559,43.7839,43.807,43.8282,43.839,43.8526,43.8609,22.0691,22.0718,22.0772,22.0779,22.079,22.0809,22.0816,22.0847,22.0836,17.9059,17.9253,17.9407,17.947,17.9575,17.964,17.9688,17.9741,17.974,30.4199,30.4287,30.4374,30.4414,30.4413,30.4451,30.4444,30.446,30.4449,-26.0837,-25.9479,-25.8488,-25.7695,-25.7076,-25.6484,-25.6055,-25.5722,-25.5368,31.7266,33.7912,34.8406,35.5773,36.0195,36.3691,36.5839,36.7306,36.8721,33.0408,33.178,33.2659,33.3291,33.3728,33.4111,33.4333,33.4549,33.4694,24.5665,24.8509,25.0946,25.2961,25.4568,25.5889,25.686,25.7651,25.8268
Control,-32.5953,-32.5906,-32.5873,-32.5865,-32.5841,-32.583,-32.5829,-32.5822,43.2119,43.2311,43.2447,43.2562,43.2651,43.2711,43.2753,43.2811,43.2842,43.4223,43.4834,43.5214,43.5505,43.572,43.5883,43.6013,43.6123,43.6203,22.4276,22.4329,22.435,22.4372,22.4384,22.4392,22.4405,22.4415,22.4412,18.3075,18.3261,18.3366,18.3435,18.3511,18.3579,18.3616,18.3677,18.3704,30.5038,30.5147,30.5204,30.5255,30.526,30.5262,30.5264,30.526,30.5298,-26.8874,-26.7504,-26.6603,-26.5885,-26.532,-26.4851,-26.447,-26.4117,-26.3874,26.0178,27.9912,28.9382,29.5718,29.9681,30.2215,30.393,30.5226,30.6128,32.823,32.9632,33.0415,33.0982,33.1363,33.164,33.1843,33.2007,33.2121,23.3881,23.6777,23.9048,24.0838,24.222,24.326,24.4,24.4585,24.5003
Control,-33.0072,-33.0042,-33.0009,-32.9994,-32.9988,-32.9961,-32.9963,-32.9949,43.2251,43.2446,43.2561,43.2669,43.2742,43.2789,43.2871,43.2887,43.2927,43.7223,43.7722,43.8001,43.8257,43.8461,43.8598,43.8753,43.8822,43.8933,21.8847,21.8923,21.8925,21.8961,21.897,21.8978,21.8999,21.8991,21.9026,17.7099,17.7293,17.7366,17.7477,17.7494,17.7575,17.7634,17.764,17.7703,30.3715,30.3868,30.3882,30.3909,30.3968,30.3955,30.4005,30.3942,30.3969,-25.8191,-25.706,-25.627,-25.5611,-25.5069,-25.4678,-25.421,-25.391,-25.3603,33.6958,35.3107,36.1655,36.7279,37.1947,37.4444,37.6723,37.809,37.8982,33.0591,33.1725,33.2369,33.2888,33.3332,33.3576,33.3864,33.401,33.4174,25.1949,25.4179,25.6084,25.772,25.9114,26.0204,26.1112,26.1809,26.2367
Control,-31.3415,-31.3386,-31.335,-31.3329,-31.3323,-31.3322,-31.3308,-31.3312,43.0817,43.1078,43.1278,43.1392,43.15,43.1607,43.1649,43.1721,43.1775,42.4432,42.5261,42.5785,42.616,42.6425,42.6621,42.6779,42.6902,42.7005,23.9689,23.9727,23.9744,23.9756,23.9763,23.9744,23.9767,23.9756,23.9759,20.0391,20.0582,20.0714,20.0766,20.081,20.0878,20.0927,20.093,20.0959,30.819,30.8305,30.8356,30.8373,30.8392,30.8411,30.8413,30.8414,30.8405,-28.6541,-28.4927,-28.3774,-28.2968,-28.2338,-28.1842,-28.1397,-28.0999,-28.0714,6.5116,8.2446,9.1404,9.663,9.9677,10.1561,10.2799,10.3673,10.4278,32.3475,32.5101,32.6037,32.6608,32.7012,32.7276,32.7493,32.7643,32.776,22.0274,22.4352,22.7121,22.9085,23.0415,23.1357,23.1987,23.2442,23.2763
Control,-31.6571,-31.6556,-31.6533,-31.6509,-31.6502,-31.6503,-31.649,-31.6489,43.0816,43.0994,43.1128,43.1225,43.1304,43.136,43.1407,43.1429,43.1434,42.5515,42.6061,42.6406,42.6682,42.6864,42.7,42.7094,42.7164,42.7203,23.5991,23.6015,23.6039,23.6063,23.6077,23.6091,23.6087,23.6088,23.6061,19.6028,19.6202,19.6295,19.6326,19.638,19.6393,19.6444,19.6439,19.6443,30.7246,30.733,30.738,30.7403,30.7427,30.7425,30.7428,30.7413,30.7403,-28.686,-28.5758,-28.5111,-28.4564,-28.4108,-28.3768,-28.3523,-28.3351,-28.3132,8.5228,9.8685,10.5284,10.9613,11.2026,11.3422,11.4265,11.4784,11.5279,32.1475,32.264,32.3297,32.375,32.404,32.4242,32.4369,32.445,32.4503,21.6685,21.8846,22.0454,22.1649,22.2536,22.3127,22.3538,22.3836,22.4045
SE,-32.2221,-32.2191,-32.2168,-32.2149,-32.2139,-32.2122,-32.2111,-32.2118,43.7459,43.7753,43.7993,43.8154,43.8273,43.8384,43.8485,43.8575,43.8627,42.0203,42.1179,42.1785,42.2226,42.2565,42.2818,42.3026,42.3194,42.3322,22.9806,22.9869,22.9897,22.9911,22.9918,22.9929,22.9933,22.9943,22.9947,18.8488,18.8669,18.884,18.8931,18.8996,18.901,18.9063,18.9127,18.9133,30.5801,30.5932,30.6022,30.6023,30.6026,30.6025,30.6048,30.6092,30.6072,-31.7019,-31.5198,-31.3977,-31.3085,-31.234,-31.1714,-31.1226,-31.0838,-31.0474,-0.0707,1.9514,2.9701,3.6318,4.0628,4.3409,4.5345,4.6744,4.7835,30.2137,30.4191,30.5283,30.6037,30.6558,30.6933,30.723,30.746,30.7631,33.337,33.8939,34.2363,34.4685,34.6277,34.7348,34.8113,34.8654,34.9089
SE,-32.0011,-31.9968,-31.9942,-31.9923,-31.9913,-31.9913,-31.991,-31.9916,43.6964,43.7331,43.7583,43.7761,43.7892,43.8008,43.8109,43.8206,43.8295,41.9015,42.0144,42.0827,42.1319,42.17,42.199,42.2191,42.2371,42.253,23.2443,23.2502,23.2527,23.2544,23.257,23.2588,23.2575,23.2567,23.2574,19.1626,19.1893,19.2026,19.216,19.2265,19.2295,19.2326,19.2352,19.2368,30.6355,30.651,30.6582,30.6639,30.6657,30.6693,30.6669,30.6665,30.668,-31.6996,-31.5043,-31.3657,-31.2704,-31.192,-31.1286,-31.0776,-31.0324,-30.9933,-2.1588,0.0047,1.0953,1.7868,2.2291,2.5116,2.696,2.8461,2.9678,30.2634,30.4938,30.6167,30.6987,30.7562,30.7973,30.8241,30.8463,30.8685,32.5944,33.209,33.5844,33.8335,34.0012,34.1156,34.1934,34.2492,34.2948
SE,-32.936,-32.9329,-32.9313,-32.9291,-32.929,-32.9293,-32.9265,-32.9248,44.171,44.1652,44.1609,44.1628,44.1604,44.1614,44.1586,44.1584,44.1605,43.1325,43.1131,43.1053,43.1075,43.1061,43.1108,43.1084,43.11,43.1116,22.0524,22.0506,22.0536,22.0561,22.0554,22.0589,22.0572,22.0612,22.0614,17.8137,17.8081,17.8059,17.8095,17.807,17.8117,17.8102,17.8103,17.8137,30.374,30.37,30.3666,30.3696,30.3661,30.3696,30.3686,30.3699,30.3748,-29.4625,-29.5022,-29.5243,-29.5222,-29.5205,-29.5232,-29.5286,-29.5166,-29.521,16.4982,16.0424,15.836,15.9855,16.0595,16.1683,16.208,16.2037,16.2632,31.5191,31.4801,31.4625,31.4722,31.4754,31.4841,31.4825,31.4868,31.4916,40.1903,40.0502,39.9604,39.9461,39.9457,39.9558,39.9611,39.964,39.9698
SE,-31.6331,-31.6302,-31.6275,-31.6266,-31.6252,-31.6226,-31.6231,-31.6245,43.4842,43.5141,43.5308,43.5453,43.5581,43.569,43.5807,43.5891,43.5974,41.4,41.4897,41.5439,41.5845,41.6183,41.6436,41.6654,41.6834,41.6982,23.6846,23.6897,23.6899,23.6907,23.6912,23.6914,23.6923,23.6939,23.6957,19.6876,19.7137,19.7232,19.7286,19.7325,19.7374,19.7406,19.7451,19.7492,30.696,30.705,30.7127,30.7128,30.7161,30.7151,30.7151,30.7182,30.7176,-32.1466,-31.9894,-31.8888,-31.8149,-31.7509,-31.6966,-31.6531,-31.6155,-31.5837,-8.7632,-7.3721,-6.6342,-6.1183,-5.7499,-5.5043,-5.3351,-5.213,-5.1217,29.9004,30.0738,30.1658,30.2332,30.2838,30.3214,30.3501,30.3741,30.3921,30.7883,31.2192,31.4854,31.6709,31.8026,31.897,31.9644,32.0112,32.047
SE,-34.1666,-34.1575,-34.1517,-34.1486,-34.1459,-34.1432,-34.1432,-34.1408,44.3472,44.384,44.4096,44.4298,44.447,44.462,44.47,44.4802,44.4898,43.2776,43.3871,43.4566,43.5094,43.5497,43.5808,43.6046,43.6244,43.6415,20.3859,20.3963,20.4021,20.4058,20.4097,20.4111,20.4124,20.4131,20.4139,16.003,16.0362,16.0579,16.0809,16.0947,16.102,16.1088,16.1175,16.1251,29.957,29.9757,29.99,29.9966,30.0019,30.0061,30.0082,30.0083,30.009,-28.7556,-28.5136,-28.3305,-28.1989,-28.0843,-27.9958,-27.9146,-27.8513,-27.7932,30.9148,34.7314,36.6797,37.9198,38.7423,39.2833,39.6354,39.8683,40.016,30.7945,31.054,31.2113,31.3231,31.4049,31.4669,31.5118,31.5465,31.5747,43.9302,44.6843,45.2595,45.7051,46.0516,46.3225,46.5367,46.7069,46.8456
SE,-32.7949,-32.7861,-32.783,-32.7796,-32.7786,-32.7781,-32.7767,-32.7769,43.9467,43.993,44.0242,44.0469,44.0691,44.081,44.0974,44.1105,44.119,42.6852,42.8316,42.9229,42.9853,43.038,43.0718,43.1022,43.1258,43.1409,22.2541,22.2592,22.2659,22.2662,22.2689,22.2683,22.2706,22.273,22.2705,18.0256,18.0613,18.0858,18.0982,18.1175,18.1183,18.128,18.1332,18.1374,30.425,30.4461,30.4577,30.4629,30.4702,30.4686,30.4725,30.4746,30.4716,-30.4521,-30.1516,-29.9642,-29.8199,-29.7121,-29.6248,-29.5515,-29.4806,-29.4428,10.4803,14.4562,16.378,17.5895,18.3564,18.8426,19.1992,19.3953,19.5568,30.8666,31.1865,31.3578,31.4708,31.5535,31.6036,31.6504,31.6796,31.7004,36.2154,37.1879,37.8007,38.2093,38.4923,38.6861,38.8273,38.9285,39.0042
SE,-32.7759,-32.7753,-32.7718,-32.7707,-32.7695,-32.7709,-32.7696,-32.7691,44.1688,44.1672,44.1672,44.1697,44.1745,44.1758,44.1768,44.1761,44.1787,43.1389,43.1421,43.1456,43.1551,43.1633,43.1687,43.1705,43.1719,43.1742,22.2448,22.2445,22.2453,22.2482,22.2505,22.2514,22.2505,22.2511,22.2535,18.0267,18.0293,18.0294,18.035,18.0407,18.0418,18.0429,18.0422,18.0437,30.4209,30.4233,30.4216,30.4235,30.424,30.4272,30.4278,30.4271,30.4267,-29.3701,-29.354,-29.3488,-29.3296,-29.3186,-29.3042,-29.3005,-29.2934,-29.2831,15.7618,15.997,16.1158,16.3354,16.4836,16.5905,16.6505,16.6724,16.682,31.662,31.6778,31.6863,31.7047,31.7209,31.7324,31.7371,31.7404,31.7442,39.6637,39.6915,39.7108,39.7508,39.7877,39.8149,39.8324,39.8442,39.8514
SE,-33.9287,-33.9179,-33.9119,-33.9084,-33.9058,-33.9052,-33.9031,-33.8999,44.2628,44.302,44.3324,44.3549,44.3772,44.3915,44.404,44.4158,44.4279,43.1577,43.2836,43.3653,43.4265,43.4741,43.5078,43.534,43.5573,43.5784,20.7202,20.7311,20.7371,20.7426,20.7444,20.7457,20.7469,20.7495,20.7522,16.3586,16.395,16.4183,16.4374,16.4511,16.4628,16.4717,16.4784,16.4825,30.0612,30.0829,30.0968,30.1047,30.111,30.1151,30.1157,30.119,30.1146,-29.2753,-28.9922,-28.7888,-28.6282,-28.501,-28.4079,-28.3188,-28.2515,-28.1846,27.6832,32.0954,34.3739,35.8026,36.7387,37.3536,37.7479,38.0173,38.2334,30.6768,30.9799,31.1605,31.2893,31.382,31.4464,31.4928,31.5309,31.5637,42.1305,43.0132,43.6735,44.1688,44.5425,44.8194,45.0331,45.202,45.3403
SE,-31.5936,-31.5884,-31.5858,-31.5852,-31.5846,-31.5852,-31.5835,-31.5834,43.5099,43.5457,43.5685,43.5869,43.5998,43.6116,43.619,43.6273,43.6344,41.4567,41.5685,41.6376,41.6844,41.7195,41.744,41.7639,41.7792,41.7935,23.7255,23.7287,23.7322,23.7339,23.7339,23.732,23.7318,23.7317,23.7312,19.7348,19.7541,19.7707,19.7829,19.7872,19.7906,19.796,19.7928,19.7956,30.7052,30.7185,30.7218,30.7284,30.7295,30.7313,30.7303,30.7304,30.7285,-31.9583,-31.7606,-31.639,-31.5428,-31.4773,-31.4229,-31.3792,-31.3385,-31.3029,-7.8665,-6.0475,-5.1319,-4.5881,-4.2508,-4.0331,-3.8884,-3.7879,-3.715,30.0537,30.2742,30.39,30.4641,30.513,30.546,30.5707,30.5881,30.6042,30.9086,31.4663,31.8032,32.0202,32.1596,32.2513,32.3121,32.3543,32.3846
SE,-31.8863,-31.8823,-31.8803,-31.8787,-31.877,-31.8768,-31.8771,-31.8763,43.6713,43.7152,43.743,43.7643,43.7793,43.7923,43.8057,43.8173,43.8278,41.8584,41.9946,42.0756,42.1314,42.1732,42.2043,42.2296,42.251,42.2687,23.3766,23.3824,23.3828,23.3836,23.3843,23.3851,23.3846,23.3854,23.3867,19.3072,19.3346,19.351,19.3609,19.3722,19.3769,19.38,19.3839,19.3872,30.6615,30.6795,30.6882,30.6869,30.6944,30.6949,30.6942,30.693,30.6971,-31.6434,-31.4009,-31.2506,-31.1389,-31.049,-30.9699,-30.9114,-30.8608,-30.8149,-2.4656,0.0908,1.3593,2.1247,2.5979,2.9078,3.1235,3.2816,3.4001,30.3414,30.6171,30.7594,30.8484,30.9098,30.9543,30.9889,31.0158,31.0378,32.3115,33.057,33.5063,33.7931,33.9802,34.1037,34.1882,34.2488,34.2952
SE,-32.6657,-32.6573,-32.6527,-32.6485,-32.6492,-32.6488,-32.6457,-32.6438,43.9122,43.962,43.9944,44.0262,44.0468,44.0623,44.0787,44.0953,44.1058,42.5905,42.7459,42.8432,42.9176,42.97,43.007,43.036,43.0618,43.0835,22.4145,22.4237,22.4262,22.4304,22.4326,22.4308,22.4321,22.4326,22.4349,18.2032,18.242,18.268,18.2834,18.2963,18.3049,18.3095,18.3145,18.3227,30.4711,30.4909,30.503,30.5115,30.5139,30.5153,30.5143,30.517,30.5196,-30.755,-30.4417,-30.2321,-30.0707,-29.941,-29.8439,-29.7649,-29.6941,-29.6267,9.8754,13.8874,15.9448,17.2271,18.0186,18.5098,18.8579,19.1017,19.2536,30.7844,31.1195,31.3064,31.4339,31.5188,31.5737,31.6171,31.6517,31.679,35.8219,36.826,37.4651,37.8963,38.1873,38.3853,38.525,38.6287,38.7025
SE,-32.0497,-32.0432,-32.0409,-32.0386,-32.0375,-32.0368,-32.037,-32.0367,43.7517,43.7943,43.82,43.8425,43.8582,43.8721,43.8863,43.8939,43.9019,42.0373,42.1701,42.249,42.3077,42.3497,42.38,42.4037,42.4241,42.4387,23.1853,23.1922,23.1926,23.1954,23.1974,23.1979,23.1996,23.2001,23.1989,19.0948,19.1202,19.139,19.1587,19.1664,19.1739,19.1786,19.1759,19.1821,30.6324,30.6507,30.6587,30.6617,30.6646,30.6667,30.669,30.6695,30.6686,-31.4712,-31.2231,-31.0686,-30.9546,-30.8639,-30.7857,-30.7355,-30.6792,-30.6334,0.0378,2.7326,4.0708,4.901,5.3915,5.695,5.893,6.0352,6.1389,30.4449,30.7207,30.8653,30.959,31.0234,31.0665,31.0971,31.1207,31.1377,33.0522,33.8023,34.2583,34.5593,34.7521,34.8776,34.9626,35.0219,35.0658
SE,-32.1405,-32.1344,-32.133,-32.1321,-32.1296,-32.1283,-32.127,-32.1278,43.7636,43.801,43.8247,43.8418,43.8581,43.8687,43.8814,43.8901,43.8982,42.0542,42.1704,42.2416,42.293,42.3298,42.3592,42.381,42.3987,42.414,23.0793,23.0849,23.0856,23.0863,23.0868,23.0884,23.0883,23.0884,23.089,18.9636,18.994,19.0052,19.0226,19.0274,19.0306,19.0348,19.0367,19.0386,30.6104,30.6254,30.6302,30.6364,30.6375,30.6346,30.6391,30.6402,30.6401,-31.5205,-31.3102,-31.1643,-31.0623,-30.983,-30.9127,-30.8606,-30.8148,-30.7665,0.2773,2.6852,3.893,4.6698,5.1444,5.4438,5.6456,5.7909,5.9013,30.3639,30.6092,30.7357,30.8221,30.8804,30.9231,30.9532,30.9767,30.996,33.2702,33.934,34.3412,34.6174,34.7978,34.9184,34.9994,35.0578,35.1026
SE,-32.6276,-32.6252,-32.6252,-32.6226,-32.6215,-32.6221,-32.6184,-32.6199,44.1437,44.1452,44.1522,44.1539,44.1579,44.1595,44.1583,44.1634,44.1612,43.1005,43.1116,43.1262,43.1346,43.1455,43.1507,43.1533,43.1612,43.1602,22.4353,22.4333,22.4372,22.4366,22.4393,22.4402,22.4396,22.4425,22.4417,18.2428,18.2398,18.2499,18.2495,18.2519,18.2555,18.256,18.2612,18.2583,30.4682,30.4697,30.473,30.4704,30.4731,30.4761,30.4725,30.4768,30.4741,-29.4289,-29.3913,-29.3701,-29.3464,-29.3237,-29.3144,-29.3081,-29.2911,-29.2853,13.8945,14.3592,14.6246,14.902,15.0371,15.1632,15.191,15.2555,15.2777,31.7212,31.7565,31.7825,31.8041,31.8194,31.833,31.8347,31.8459,31.8454,38.993,39.0904,39.1579,39.2227,39.2697,39.3025,39.3215,39.3403,39.3511
SE,-31.938,-31.9311,-31.929,-31.9281,-31.928,-31.9274,-31.9275,-31.9257,43.6903,43.7291,43.7554,43.7782,43.7957,43.8086,43.8185,43.8288,43.8394,41.887,42.0155,42.0944,42.1532,42.1929,42.2235,42.2465,42.2663,42.2848,23.3197,23.3245,23.3259,23.3287,23.3306,23.3302,23.3284,23.3297,23.3307,19.2465,19.2715,19.2894,19.3038,19.315,19.32,19.3176,19.3252,19.3283,30.655,30.6715,30.6816,30.6864,30.6876,30.6883,30.6862,30.687,30.6873,-31.6549,-31.4249,-31.2704,-31.1549,-31.0649,-30.9971,-30.9388,-30.8894,-30.8429,-2.1362,0.3632,1.6226,2.3925,2.8498,3.1408,3.3508,3.5104,3.6247,30.3247,30.5915,30.7311,30.8233,30.885,30.9247,30.9542,30.9819,31.0039,32.4603,33.1787,33.6137,33.8988,34.083,34.2022,34.2861,34.348,34.3935
SE,-31.5643,-31.5611,-31.5587,-31.5579,-31.5569,-31.5582,-31.5574,-31.556,43.5143,43.5496,43.5716,43.59,43.6025,43.6141,43.6247,43.634,43.6418,41.463,41.5803,41.6514,41.7001,41.7353,41.7618,41.7824,41.8001,41.815,23.757,23.76,23.7608,23.7626,23.7627,23.7628,23.7628,23.7637,23.7642,19.77,19.7909,19.8047,19.8148,19.8228,19.8248,19.8286,19.8279,19.8336,30.7094,30.7247,30.7318,30.733,30.7355,30.733,30.7335,30.7326,30.7355,-31.8923,-31.6826,-31.5588,-31.4665,-31.3947,-31.3325,-31.2869,-31.2418,-31.2055,-7.4152,-5.466,-4.4907,-3.9237,-3.5885,-3.375,-3.2305,-3.1273,-3.0533,30.1139,30.3477,30.4698,30.5434,30.5911,30.6253,30.6517,30.6714,30.6878,30.9546,31.5522,31.9127,32.14,32.2824,32.3735,32.4363,32.4805,32.512
SE,-33.6807,-33.6712,-33.6649,-33.6627,-33.6577,-33.6558,-33.6551,-33.6524,44.1991,44.2465,44.2802,44.3038,44.323,44.3369,44.3546,44.3673,44.3776,43.0567,43.1976,43.2874,43.3513,43.3992,43.4368,43.4699,43.4957,43.5135,21.0632,21.0768,21.0824,21.0835,21.0861,21.0874,21.0923,21.0935,21.0942,16.731,16.7708,16.7977,16.8161,16.8302,16.844,16.8541,16.8649,16.8665,30.1601,30.1829,30.1972,30.2069,30.2097,30.2127,30.2161,30.2162,30.2177,-29.6669,-29.3626,-29.1543,-28.9854,-28.8498,-28.7493,-28.6533,-28.5759,-28.5113,24.0229,28.6439,31.0658,32.5863,33.5553,34.1924,34.6535,35.0093,35.2692,30.6499,30.9809,31.1763,31.31,31.4012,31.4689,31.5252,31.5683,31.6002,40.5061,41.4555,42.147,42.6518,43.0237,43.3016,43.5155,43.6827,43.8133
SE,-32.5495,-32.5411,-32.5362,-32.5336,-32.5342,-32.5308,-32.5308,-32.5301,43.9053,43.9582,43.9945,44.0203,44.04,44.0565,44.0728,44.0877,44.1021,42.5203,42.6819,42.7814,42.8516,42.9007,42.9393,42.9711,42.9974,43.0184,22.5601,22.5695,22.5743,22.5773,22.5765,22.5769,22.5773,22.5786,22.5817,18.3697,18.4071,18.4289,18.4488,18.458,18.4653,18.4758,18.4775,18.4868,30.503,30.5254,30.5382,30.544,30.5456,30.5503,30.5495,30.5501,30.5519,-30.8494,-30.5423,-30.3293,-30.1724,-30.049,-29.9471,-29.8684,-29.799,-29.7304,9.0264,12.9842,14.969,16.1569,16.9126,17.4039,17.7368,17.9754,18.1391,30.7768,31.1209,31.307,31.4261,31.5057,31.5636,31.6086,31.6447,31.6714,35.3867,36.3915,37.0239,37.4374,37.7171,37.9064,38.0388,38.1377,38.2108
SF,-34.9699,-34.9512,-34.9395,-34.9339,-34.9273,-34.9224,-34.9184,-34.915,45.4397,45.518,45.5693,45.6127,45.6442,45.6706,45.699,45.7214,45.7416,44.4824,44.7001,44.8374,44.9418,45.0167,45.0795,45.1356,45.1803,45.2177,19.0844,19.1021,19.1064,19.1151,19.1172,19.1204,19.1265,19.1302,19.1326,14.9038,14.9797,15.0348,15.0822,15.1156,15.1423,15.1727,15.1924,15.2136,29.6454,29.6841,29.7076,29.7284,29.7389,29.745,29.7567,29.7623,29.7669,-22.8867,-22.2898,-21.8492,-21.5002,-21.2132,-20.9629,-20.7466,-20.5537,-20.3829,41.7153,40.3846,40.0874,40.0265,40.0071,40.0004,40.0028,40.0001,39.9981,32.427,32.9169,33.2286,33.4604,33.6309,33.7703,33.891,33.989,34.069,60.7391,62.0324,63.1445,64.1211,64.9828,65.7674,66.483,67.1398,67.7454
SF,-33.4893,-33.4919,-33.491,-33.4906,-33.4898,-33.4884,-33.4878,-33.4867,44.2407,44.2239,44.2127,44.2039,44.199,44.1965,44.1927,44.1888,44.1847,43.3057,43.2533,43.2201,43.2028,43.193,43.1874,43.1813,43.1748,43.1683,21.3063,21.3054,21.3037,21.3039,21.3044,21.309,21.3098,21.31,21.3114,16.995,16.9833,16.9737,16.9686,16.9655,16.9696,16.9712,16.969,16.9683,30.1675,30.1605,30.157,30.1552,30.1537,30.1549,30.1571,30.1602,30.1579,-28.9672,-29.0877,-29.1704,-29.2137,-29.2435,-29.2722,-29.2859,-29.304,-29.3204,24.1161,22.4014,21.5979,21.3549,21.2507,21.1963,21.1746,21.1527,21.1103,31.4428,31.3222,31.2532,31.2238,31.2086,31.2023,31.1964,31.1895,31.1825,43.2876,42.8775,42.5996,42.443,42.3547,42.2991,42.2604,42.2296,42.2004
SF,-33.5473,-33.5497,-33.5459,-33.5462,-33.5447,-33.5418,-33.5404,-33.5399,44.3349,44.3193,44.3131,44.3105,44.3051,44.3056,44.307,44.3071,44.3048,44.1202,44.0753,44.0521,44.0466,44.0413,44.0406,44.0445,44.0457,44.0443,21.1494,21.145,21.1472,21.1512,21.1508,21.1519,21.1553,21.1569,21.1558,16.8706,16.8553,16.851,16.8557,16.8525,16.8517,16.8546,16.8537,16.8567,30.0486,30.0385,30.0376,30.0396,30.0389,30.0383,30.0404,30.0425,30.043,-28.0906,-28.189,-28.2477,-28.275,-28.2874,-28.2946,-28.2991,-28.2953,-28.2941,33.8486,32.5187,31.9174,31.8283,31.9012,32.0462,32.1721,32.2549,32.3627,31.9543,31.8566,31.8079,31.7943,31.7879,31.7908,31.7988,31.8034,31.8068,47.606,47.2826,47.0578,46.9387,46.8819,46.8615,46.8556,46.8517,46.8541
SF,-33.9465,-33.9437,-33.942,-33.9395,-33.9377,-33.9367,-33.9352,-33.9337,44.771,44.7741,44.7795,44.7815,44.7885,44.79,44.792,44.7966,44.7964,44.7413,44.7541,44.7655,44.7755,44.7877,44.7968,44.8044,44.811,44.8149,20.5215,20.5246,20.5256,20.5278,20.5288,20.5323,20.5316,20.5348,20.5335,16.2764,16.2847,16.2904,16.2917,16.2912,16.298,16.303,16.3033,16.308,29.8461,29.8459,29.8495,29.8504,29.8515,29.8519,29.8542,29.8577,29.856,-25.6241,-25.5962,-25.5729,-25.5447,-25.5103,-25.4806,-25.4638,-25.4405,-25.4286,39.6009,39.8063,39.9214,40.0199,40.1685,40.1395,40.1817,40.098,40.0965,32.7631,32.7901,32.8142,32.834,32.8626,32.8813,32.8995,32.9113,32.9201,54.2108,54.2902,54.3571,54.4265,54.5113,54.5836,54.6513,54.7033,54.751
SF,-34.3949,-34.393,-34.3913,-34.3893,-34.3875,-34.3857,-34.3838,-34.383,45.2878,45.2891,45.2939,45.2962,45.2968,45.2976,45.3001,45.3043,45.307,45.0699,45.0787,45.089,45.0982,45.1056,45.1127,45.1209,45.1296,45.1353,19.8207,19.8212,19.8246,19.8285,19.828,19.8283,19.8293,19.8322,19.835,15.5971,15.6016,15.6054,15.6084,15.6104,15.6145,15.6216,15.6233,15.6283,29.5496,29.5532,29.556,29.5569,29.5587,29.5599,29.5626,29.5656,29.5663,-23.5505,-23.5296,-23.5198,-23.49,-23.4673,-23.442,-23.4166,-23.3909,-23.3741,39.6221,39.6372,39.6422,39.6441,39.6374,39.6423,39.6475,39.6513,39.6451,32.9638,32.9861,33.0039,33.0235,33.0414,33.0611,33.0811,33.0998,33.1121,64.1417,64.1769,64.2099,64.2565,64.3136,64.3811,64.4493,64.5117,64.5694
SF,-34.269,-34.2676,-34.2645,-34.2633,-34.2626,-34.2609,-34.259,-34.2579,45.1214,45.1276,45.1273,45.1342,45.1381,45.14,45.1439,45.1478,45.1483,45.0182,45.0345,45.0446,45.0597,45.0702,45.0779,45.086,45.0963,45.1001,20.0094,20.0115,20.0134,20.0181,20.0177,20.0184,20.0192,20.0224,20.0219,15.7827,15.7907,15.7942,15.8044,15.81,15.8078,15.8148,15.8196,15.8196,29.6447,29.6495,29.6477,29.6536,29.6549,29.6569,29.6583,29.6626,29.6616,-24.0021,-23.961,-23.9359,-23.9013,-23.8736,-23.8457,-23.8217,-23.796,-23.7763,39.6798,39.6911,39.6737,39.6842,39.6981,39.6821,39.6673,39.6741,39.6782,33.0249,33.0637,33.0868,33.1174,33.1443,33.1632,33.1776,33.1988,33.2105,61.1286,61.2137,61.2886,61.3723,61.4608,61.5415,61.6171,61.6884,61.7506
SF,-34.3824,-34.3667,-34.3542,-34.3472,-34.3425,-34.3396,-34.334,-34.332,44.9866,45.0697,45.124,45.1683,45.2007,45.2325,45.2562,45.2812,45.2997,44.1841,44.4188,44.5646,44.6757,44.755,44.8241,44.8733,44.9223,44.9585,19.9745,19.9955,20.0007,20.0086,20.0096,20.0162,20.0173,20.022,20.0221,15.6986,15.785,15.8311,15.8759,15.9079,15.9322,15.951,15.9769,15.9927,29.8885,29.9305,29.9528,29.9757,29.9855,29.9963,30.0021,30.0069,30.0068,-25.102,-24.4866,-24.0471,-23.6986,-23.423,-23.1831,-22.9828,-22.7994,-22.6347,45.3947,47.1079,44.4361,42.0487,40.8214,40.2724,40.0469,39.9617,39.9174,32.2491,32.7989,33.1419,33.3836,33.5591,33.6968,33.8018,33.8943,33.9666,51.0905,52.8153,54.2115,55.3281,56.218,56.9595,57.5854,58.0086,58.4428
SF,-33.2923,-33.292,-33.2909,-33.289,-33.288,-33.2899,-33.2872,-33.2879,44.2264,44.2138,44.2086,44.2039,44.2003,44.1993,44.194,44.1929,44.191,43.2654,43.2291,43.2135,43.2035,43.1964,43.194,43.1869,43.1862,43.183,21.5717,21.5686,21.5715,21.5713,21.5733,21.5756,21.5738,21.5779,21.5784,17.2785,17.2701,17.2702,17.2675,17.2651,17.2697,17.2641,17.267,17.2674,30.2432,30.237,30.2358,30.2337,30.2322,30.2347,30.2309,30.2333,30.2356,-29.0713,-29.1481,-29.1936,-29.2173,-29.2403,-29.2519,-29.2695,-29.2808,-29.2907,22.1666,21.2092,20.7463,20.6996,20.6152,20.5995,20.5384,20.4912,20.486,31.5018,31.4249,31.3881,31.377,31.3652,31.3651,31.3541,31.353,31.351,42.1903,41.9377,41.7742,41.694,41.6438,41.6176,41.5861,41.5672,41.5529
SF,-33.3883,-33.3878,-33.384,-33.3842,-33.3819,-33.3805,-33.3792,-33.3801,44.3863,44.3893,44.3937,44.3983,44.4022,44.4074,44.4104,44.4119,44.4132,44.2061,44.2195,44.232,44.2436,44.2553,44.2645,44.2703,44.2743,44.2769,21.3514,21.3524,21.3525,21.3545,21.3569,21.3593,21.3612,21.3608,21.3621,17.0901,17.0959,17.0946,17.1006,17.1046,17.1082,17.114,17.1121,17.1164,30.1192,30.1177,30.1218,30.1212,30.1253,30.1268,30.1292,30.1271,30.1287,-27.7448,-27.7078,-27.6893,-27.6516,-27.6242,-27.6117,-27.5934,-27.5788,-27.5657,34.9558,35.4772,35.7666,36.0966,36.3364,36.491,36.5916,36.6573,36.7118,32.2421,32.2758,32.2993,32.3258,32.3469,32.3646,32.376,32.3852,32.3894,47.0061,47.108,47.1809,47.2552,47.3238,47.3763,47.4172,47.4481,47.4732
SF,-35.5378,-35.5376,-35.5371,-35.5356,-35.5355,-35.535,-35.5321,-35.5312,45.5243,45.5173,45.5144,45.5118,45.5089,45.5059,45.5062,45.507,45.5055,44.3467,44.3324,44.3262,44.3236,44.3183,44.3163,44.3172,44.3188,44.3196,18.2047,18.2041,18.2064,18.2089,18.2109,18.2102,18.2109,18.2156,18.2194,14.0698,14.0668,14.066,14.0643,14.066,14.0666,14.0674,14.0691,14.0703,29.2356,29.2324,29.2334,29.2337,29.2315,29.2337,29.2339,29.2365,29.2368,-22.1948,-22.2289,-22.2564,-22.2758,-22.295,-22.3043,-22.3137,-22.3156,-22.3199,40.0303,40.0265,40.0314,40.0303,40.0293,40.0274,40.0301,40.0338,40.0326,32.239,32.215,32.2038,32.1929,32.1838,32.1781,32.1794,32.1833,32.1832,72.8684,72.7939,72.7179,72.6385,72.5668,72.5031,72.4484,72.3984,72.3492
SF,-33.7436,-33.7415,-33.7372,-33.7365,-33.7334,-33.7332,-33.731,-33.7311,44.6462,44.6565,44.6613,44.6681,44.6726,44.6799,44.6802,44.6865,44.6865,44.6168,44.6467,44.6636,44.6852,44.6987,44.713,44.7192,44.7314,44.7329,20.8245,20.8282,20.8283,20.8335,20.8319,20.8365,20.8344,20.8388,20.8371,16.5687,16.5763,16.5793,16.5915,16.5935,16.5991,16.603,16.6067,16.6092,29.9558,29.959,29.9574,29.962,29.9629,29.9684,29.9663,29.9705,29.9681,-26.2196,-26.1489,-26.099,-26.0373,-25.9971,-25.9595,-25.9297,-25.8971,-25.8789,39.0254,39.8898,40.3207,40.6178,40.8648,40.9417,40.9833,40.977,40.9233,32.6939,32.7628,32.806,32.8474,32.8799,32.9083,32.9223,32.9443,32.9491,51.6902,51.8942,52.057,52.2043,52.3358,52.4448,52.5305,52.6076,52.6643
SF,-34.689,-34.6699,-34.6593,-34.6532,-34.6463,-34.642,-34.6376,-34.6344,45.2374,45.3175,45.3698,45.4115,45.4471,45.4784,45.5024,45.5257,45.5477,44.3881,44.6118,44.7526,44.8591,44.9421,45.0086,45.06,45.1068,45.1479,19.512,19.5279,19.5335,19.5387,19.5434,19.5489,19.552,19.5536,19.5586,15.2812,15.3595,15.4143,15.455,15.4899,15.5231,15.5451,15.5671,15.5869,29.7698,29.8102,29.8343,29.852,29.8638,29.8751,29.8784,29.8839,29.8886,-23.8588,-23.2479,-22.7999,-22.4412,-22.1517,-21.8982,-21.6812,-21.4909,-21.3168,45.7297,42.3309,40.6149,40.1184,39.9947,39.967,39.9525,39.9492,39.9485,32.4283,32.9488,33.2788,33.5179,33.6966,33.8397,33.9487,34.0432,34.1275,55.8187,57.3625,58.6188,59.6633,60.5567,61.3451,62.0399,62.6728,63.2503
SF,-33.2756,-33.2732,-33.2707,-33.2686,-33.2664,-33.2672,-33.2678,-33.2652,44.3446,44.351,44.3557,44.3635,44.368,44.3694,44.3726,44.3748,44.3768,44.14,44.1624,44.1794,44.197,44.2092,44.2161,44.2212,44.2261,44.2316,21.5092,21.5096,21.5118,21.5143,21.5169,21.5173,21.5162,21.5171,21.5173,17.2567,17.2604,17.2675,17.2744,17.2802,17.2848,17.2838,17.2868,17.2893,30.1685,30.1715,30.1744,30.1763,30.18,30.1778,30.178,30.1795,30.1799,-27.9485,-27.8986,-27.8592,-27.8182,-27.7885,-27.7688,-27.7446,-27.7306,-27.7172,32.9883,33.7947,34.2263,34.6183,34.8688,35.0211,35.1383,35.2367,35.3092,32.2306,32.286,32.3213,32.355,32.3786,32.3931,32.4042,32.4152,32.4245,45.9715,46.1359,46.252,46.3565,46.4378,46.4985,46.5469,46.5835,46.6136
SF,-33.1254,-33.1257,-33.1243,-33.1239,-33.124,-33.1233,-33.1219,-33.1216,44.1892,44.1815,44.1721,44.1707,44.1671,44.1655,44.1626,44.163,44.1599,43.1893,43.1631,43.1444,43.1389,43.1315,43.1277,43.1219,43.1206,43.115,21.7904,21.7915,21.789,21.7941,21.792,21.7952,21.7935,21.7973,21.7959,17.5214,17.5138,17.5067,17.5116,17.5081,17.5115,17.5063,17.5102,17.5058,30.2968,30.2941,30.2913,30.2908,30.2909,30.2933,30.2921,30.2918,30.2919,-29.2783,-29.3284,-29.3763,-29.3985,-29.4146,-29.4317,-29.4413,-29.451,-29.4617,19.2847,18.4512,18.0903,18.0119,17.9833,17.9094,17.8934,17.8274,17.8213,31.4919,31.4303,31.3963,31.3884,31.38,31.3756,31.3701,31.3676,31.3636,41.1717,40.9534,40.8136,40.7492,40.7111,40.6815,40.6622,40.6431,40.6288
SF,-33.6264,-33.622,-33.6182,-33.6172,-33.6165,-33.615,-33.6145,-33.6131,44.5742,44.5846,44.5948,44.6025,44.6085,44.6129,44.6173,44.6212,44.6251,44.5402,44.575,44.6013,44.6216,44.6383,44.6519,44.6619,44.6716,44.6772,20.9971,20.9996,21.0033,21.0035,21.006,21.0071,21.0082,21.0095,21.0105,16.733,16.7418,16.7528,16.7582,16.7667,16.7719,16.7723,16.7789,16.7796,30.0111,30.019,30.0239,30.0267,30.0304,30.0306,30.0321,30.0309,30.0294,-26.5439,-26.4513,-26.3924,-26.3359,-26.2902,-26.2492,-26.2183,-26.1905,-26.1636,38.083,39.2868,39.8681,40.3212,40.6128,40.7802,40.8665,40.9015,40.903,32.6547,32.741,32.7971,32.843,32.8783,32.9056,32.9259,32.9421,32.9571,50.3231,50.5822,50.7864,50.9575,51.1035,51.2202,51.3114,51.3867,51.449
SF,-35.2921,-35.2926,-35.2924,-35.2916,-35.2899,-35.2887,-35.2885,-35.2862,45.3253,45.3173,45.314,45.3103,45.3043,45.3052,45.3039,45.2997,45.3022,44.3088,44.2909,44.2823,44.2777,44.2712,44.2729,44.2717,44.2665,44.2697,18.5995,18.5965,18.6003,18.6031,18.6017,18.6071,18.6085,18.6086,18.6133,14.3985,14.3903,14.3919,14.3879,14.384,14.3904,14.3922,14.3905,14.3948,29.3787,29.375,29.3781,29.3797,29.3748,29.3791,29.3809,29.3773,29.381,-23.0997,-23.143,-23.1781,-23.198,-23.222,-23.2308,-23.244,-23.2656,-23.2628,40.0026,39.9883,39.9885,40.0002,39.9912,39.9962,40.0043,39.9932,40.0022,32.3371,32.3031,32.2826,32.2698,32.2567,32.2543,32.2549,32.2461,32.2488,66.7064,66.6083,66.5074,66.4138,66.3319,66.2631,66.205,66.1438,66.0928
SF,-34.1281,-34.1281,-34.1238,-34.1223,-34.1204,-34.1185,-34.1155,-34.1165,44.9795,44.9846,44.9882,44.9937,44.9981,45.0043,45.0081,45.0095,45.011,44.945,44.9672,44.9804,44.9971,45.0105,45.0224,45.0312,45.0376,45.0409,20.2272,20.2285,20.2299,20.2318,20.233,20.2357,20.2383,20.2399,20.2389,16.0009,16.0065,16.0149,16.0156,16.0278,16.0318,16.0384,16.04,16.0387,29.735,29.7385,29.7392,29.7454,29.7487,29.7495,29.7538,29.7517,29.7533,-24.5451,-24.494,-24.4525,-24.4071,-24.3716,-24.3329,-24.3102,-24.2835,-24.2653,39.8545,39.8831,39.8422,39.8353,39.8182,39.7936,39.758,39.7202,39.7113,33.0006,33.0542,33.0885,33.1232,33.1542,33.181,33.1997,33.2137,33.2243,58.0898,58.2313,58.3558,58.4765,58.59,58.6941,58.7816,58.8554,58.9201
CG,-31.159,-31.1537,-31.1525,-31.1511,-31.1503,-31.1505,-31.1489,-31.1476,42.9044,42.9179,42.9344,42.9401,42.9504,42.9591,42.9623,42.9708,42.9734,41.777,41.8262,41.8641,41.8872,41.9109,41.9292,41.9397,41.9529,41.962,24.1617,24.1617,24.1666,24.1651,24.167,24.17,24.1671,24.1687,24.1701,20.1467,20.1568,20.1678,20.1694,20.1773,20.1827,20.1847,20.1905,20.1921,30.7174,30.7194,30.726,30.7261,30.7305,30.732,30.7283,30.7311,30.7332,-29.4499,-29.364,-29.292,-29.2455,-29.1993,-29.1597,-29.1348,-29.1027,-29.0778,2.9564,3.9963,4.5284,4.9231,5.2337,5.3875,5.511,5.6195,5.6612,31.5969,31.7014,31.7649,31.807,31.8464,31.8721,31.888,31.9078,31.9169,21.5237,21.7509,21.9046,22.0255,22.1234,22.1888,22.238,22.2787,22.305
CG,-30.9054,-30.9025,-30.9012,-30.9,-30.8966,-30.8964,-30.8958,-30.8961,42.8708,42.8977,42.9139,42.9272,42.9373,42.9469,42.9551,42.9636,42.9709,41.6018,41.674,41.7194,41.7558,41.7844,41.8064,41.8239,41.8415,41.8558,24.4548,24.4608,24.4626,24.4635,24.4637,24.4627,24.4636,24.466,24.4676,20.5815,20.6041,20.6155,20.6228,20.6299,20.632,20.6414,20.6443,20.6493,30.8346,30.8453,30.8507,30.8538,30.8531,30.8547,30.8557,30.8559,30.8579,-29.5435,-29.4307,-29.3494,-29.2772,-29.2165,-29.1746,-29.1329,-29.0949,-29.066,-2.7884,-1.6251,-0.9951,-0.5137,-0.1558,0.0611,0.2079,0.3262,0.4309,31.6644,31.8007,31.8778,31.9389,31.9855,32.017,32.0431,32.066,32.0862,20.3237,20.6,20.7848,20.9337,21.0497,21.1363,21.2004,21.2478,21.2889
CG,-31.0817,-31.0792,-31.0784,-31.0763,-31.0753,-31.0731,-31.0737,-31.0726,42.8586,42.8652,42.8754,42.8822,42.8872,42.8928,42.8945,42.899,42.9014,41.6747,41.7046,41.7301,41.7498,41.7645,41.7771,41.7864,41.7943,41.8004,24.2603,24.2588,24.2619,24.2633,24.2633,24.2644,24.2637,24.2649,24.2651,20.2766,20.2803,20.2888,20.2924,20.2967,20.2935,20.2947,20.298,20.2972,30.7656,30.769,30.7713,30.7746,30.7747,30.7749,30.7715,30.7746,30.7766,-29.5755,-29.5177,-29.4703,-29.4304,-29.4072,-29.3817,-29.3597,-29.3342,-29.3174,-0.4722,0.1611,0.5173,0.8199,1.0405,1.1767,1.2661,1.3332,1.3853,31.556,31.6194,31.6622,31.6977,31.723,31.7431,31.7551,31.7671,31.7759,20.8504,20.9871,21.0831,21.1665,21.2343,21.2828,21.3178,21.3439,21.3639
CG,-30.7837,-30.7835,-30.7799,-30.7798,-30.7771,-30.7777,-30.7777,-30.7772,42.7404,42.7471,42.7531,42.7618,42.7653,42.7683,42.7706,42.7761,42.7786,41.2491,41.2697,41.2833,41.3034,41.3149,41.3272,41.3358,41.3433,41.3501,24.6009,24.6012,24.6021,24.6056,24.6038,24.6046,24.604,24.6058,24.6046,20.7253,20.7317,20.7328,20.7399,20.7412,20.748,20.7479,20.7508,20.7477,30.8272,30.8281,30.8289,30.8304,30.8309,30.834,30.8343,30.8337,30.8343,-29.9154,-29.8841,-29.8601,-29.8278,-29.8042,-29.7796,-29.7642,-29.7476,-29.7327,-6.8595,-6.5046,-6.2964,-6.0558,-5.873,-5.7661,-5.6649,-5.616,-5.5333,31.2553,31.2974,31.322,31.3578,31.3777,31.3973,31.4101,31.4207,31.433,19.6353,19.7073,19.7582,19.8135,19.8621,19.8989,19.9302,19.9512,19.973
CG,-31.128,-31.1246,-31.1229,-31.1216,-31.122,-31.1205,-31.1209,-31.1195,42.8908,42.8931,42.9015,42.9031,42.9122,42.9134,42.9199,42.9177,42.9255,41.8346,41.8524,41.8721,41.886,41.9023,41.9099,41.921,41.9237,41.9324,24.2262,24.226,24.2304,24.2292,24.2321,24.2296,24.2336,24.231,24.2332,20.3367,20.3402,20.3427,20.3434,20.3474,20.3479,20.3559,20.3516,20.3539,30.8264,30.8264,30.8306,30.832,30.8392,30.8373,30.8408,30.8343,30.8405,-29.6447,-29.6107,-29.5777,-29.5513,-29.5183,-29.4999,-29.4772,-29.465,-29.4446,-3.41,-3.0323,-2.7703,-2.5031,-2.2961,-2.158,-2.073,-2.0043,-1.9537,31.5603,31.5996,31.6332,31.6614,31.6889,31.7025,31.7173,31.7254,31.7374,20.3959,20.4711,20.532,20.5917,20.6454,20.6861,20.7183,20.7396,20.7612
CG,-30.7979,-30.7928,-30.791,-30.7916,-30.7906,-30.7895,-30.7898,-30.7899,42.8332,42.8489,42.8626,42.8709,42.8784,42.8845,42.8892,42.8934,42.8962,41.5038,41.5576,41.5966,41.6218,41.6406,41.6549,41.6669,41.6758,41.6847,24.583,24.5859,24.5871,24.5881,24.5882,24.5885,24.5889,24.5893,24.5894,20.7047,20.7157,20.7266,20.7276,20.7327,20.7331,20.7327,20.7343,20.7357,30.8629,30.8654,30.8704,30.873,30.8734,30.8716,30.8709,30.8712,30.874,-29.4845,-29.389,-29.3168,-29.2562,-29.2126,-29.1831,-29.1531,-29.1307,-29.1066,-3.6202,-2.7848,-2.2466,-1.9623,-1.7962,-1.682,-1.5977,-1.5309,-1.4794,31.6642,31.7627,31.8283,31.8666,31.8932,31.9115,31.927,31.9399,31.9504,20.1768,20.3992,20.5689,20.678,20.7576,20.8103,20.8487,20.8787,20.9
CG,-30.8704,-30.8677,-30.8666,-30.866,-30.8659,-30.8669,-30.8649,-30.8635,42.8939,42.9229,42.9435,42.9579,42.9699,42.9759,42.9846,42.9916,43.001,41.6899,41.7821,41.8392,41.8798,41.9068,41.925,41.9422,41.956,41.9692,24.4903,24.495,24.497,24.4981,24.4975,24.4958,24.4954,24.4965,24.4984,20.6069,20.6282,20.6427,20.6509,20.657,20.6573,20.657,20.6652,20.6688,30.8456,30.8584,30.8635,30.8648,30.865,30.8653,30.8659,30.8666,30.8694,-29.32,-29.1541,-29.0443,-28.964,-28.8992,-28.8559,-28.8154,-28.7812,-28.7534,-1.4924,0.1389,0.9365,1.4224,1.7041,1.8588,1.9484,2.0236,2.0948,31.8831,32.062,32.1577,32.2211,32.2605,32.2864,32.3039,32.3217,32.3373,20.4517,20.8461,21.1002,21.2826,21.406,21.4909,21.547,21.5909,21.6237
CG,-31.0823,-31.0792,-31.0785,-31.0784,-31.0781,-31.0785,-31.0767,-31.0766,42.9239,42.934,42.947,42.9497,42.9571,42.9623,42.9646,42.9687,42.9711,41.9144,41.9568,41.9892,42.0073,42.0247,42.0364,42.0424,42.0524,42.0562,24.2716,24.271,24.2755,24.2741,24.2757,24.2772,24.2756,24.277,24.2772,20.3857,20.3941,20.4003,20.4018,20.4069,20.4119,20.4129,20.4176,20.4179,30.8421,30.845,30.8507,30.8507,30.8533,30.854,30.8514,30.8539,30.8549,-29.3922,-29.312,-29.258,-29.2134,-29.1773,-29.1468,-29.1293,-29.1106,-29.0964,-2.0317,-1.1498,-0.7169,-0.4306,-0.2474,-0.168,-0.1037,-0.0469,-0.0355,31.7558,31.8449,31.9002,31.9324,31.9586,31.9734,31.9821,31.9946,31.9976,20.5593,20.7539,20.8848,20.9805,21.0507,21.095,21.129,21.1529,21.168
CG,-31.0899,-31.0875,-31.085,-31.0838,-31.0834,-31.0831,-31.0839,-31.0823,42.9171,42.9409,42.9559,42.9668,42.9799,42.9902,42.9938,43.0004,43.0075,41.8445,41.9222,41.9669,41.9999,42.0273,42.0466,42.0567,42.0702,42.0816,24.2369,24.2397,24.2402,24.2411,24.2436,24.2439,24.2404,24.2441,24.2439,20.237,20.2551,20.2682,20.2759,20.2835,20.2887,20.2868,20.2926,20.2932,30.7589,30.7709,30.7715,30.7728,30.7766,30.779,30.7771,30.7785,30.7812,-29.2343,-29.0881,-28.9984,-28.9259,-28.8744,-28.8331,-28.8,-28.7691,-28.7412,3.0024,4.5407,5.2645,5.6827,5.9381,6.1161,6.2123,6.2646,6.339,31.8429,31.9976,32.0752,32.1255,32.1646,32.1933,32.2064,32.2222,32.2375,21.3363,21.6871,21.9157,22.0784,22.1905,22.2696,22.3223,22.3591,22.3905
CG,-31.0078,-31.0062,-31.0025,-31.0039,-31.0048,-31.0046,-31.0032,-31.003,42.8609,42.8819,42.8973,42.9046,42.9094,42.9168,42.9214,42.9282,42.9326,41.6925,41.7573,41.7989,41.824,41.8415,41.8542,41.8673,41.8775,41.8856,24.3365,24.3406,24.3439,24.3449,24.3433,24.3434,24.3444,24.345,24.3466,20.3802,20.3969,20.4089,20.4178,20.4187,20.4192,20.4213,20.4286,20.4289,30.8009,30.8099,30.8173,30.8198,30.8172,30.8186,30.8194,30.8205,30.8216,-29.4007,-29.2849,-29.204,-29.1498,-29.1102,-29.0783,-29.0505,-29.0254,-29.0062,-0.3815,0.8154,1.3804,1.6994,1.8878,2.0118,2.1004,2.1556,2.1854,31.691,31.82,31.8879,31.9284,31.9526,31.9713,31.9881,32.0015,32.0103,20.6983,20.9723,21.151,21.2768,21.3629,21.4221,21.4652,21.4956,21.5152
CG,-31.122,-31.1187,-31.1166,-31.1141,-31.1152,-31.1148,-31.1147,-31.1139,42.9122,42.938,42.9521,42.9643,42.9776,42.9856,42.9902,42.9948,43.0018,41.832,41.9041,41.9489,41.9819,42.0088,42.0272,42.0375,42.0481,42.0585,24.1975,24.2014,24.2039,24.205,24.207,24.2084,24.2051,24.2072,24.2081,20.1858,20.2053,20.2197,20.2271,20.2339,20.2377,20.2377,20.236,20.2437,30.7391,30.747,30.7531,30.7563,30.7614,30.7639,30.7602,30.7621,30.76,-29.2941,-29.1554,-29.0726,-29.0075,-28.9505,-28.9095,-28.8711,-28.845,-28.8168,3.4319,4.8638,5.5579,5.9858,6.2556,6.4345,6.5429,6.6013,6.6521,31.7707,31.9161,31.993,32.045,32.0842,32.1109,32.1272,32.1389,32.1513,21.4641,21.7921,22.0096,22.1657,22.2766,22.3537,22.4065,22.445,22.4745
CG,-30.7502,-30.7464,-30.7448,-30.7444,-30.7431,-30.7432,-30.7441,-30.7419,42.7809,42.7965,42.8074,42.8122,42.8216,42.8288,42.8327,42.836,42.838,41.356,41.4077,41.4412,41.464,41.4828,41.4975,41.5083,41.5134,41.5187,24.6312,24.6346,24.6341,24.6371,24.6382,24.6396,24.64,24.6377,24.6357,20.7628,20.775,20.7833,20.7891,20.7955,20.7957,20.8006,20.7982,20.7963,30.8408,30.8488,30.8515,30.8518,30.8535,30.8543,30.8534,30.8521,30.8524,-29.6355,-29.5414,-29.4794,-29.4396,-29.4052,-29.3716,-29.3602,-29.3389,-29.3231,-5.2632,-4.3887,-3.9593,-3.7002,-3.5456,-3.4436,-3.366,-3.3194,-3.2953,31.4958,31.5991,31.653,31.6887,31.7148,31.7345,31.7496,31.7569,31.7616,19.8276,20.0377,20.1732,20.2732,20.3425,20.3919,20.4267,20.4495,20.4649
CG,-31.0401,-31.0387,-31.0375,-31.036,-31.0354,-31.0345,-31.0352,-31.0349,42.8673,42.8837,42.8937,42.9032,42.9125,42.918,42.9213,42.9248,42.9276,41.6994,41.7562,41.7889,41.8159,41.8362,41.8517,41.8611,41.8666,41.8727,24.3024,24.3055,24.3044,24.3058,24.3079,24.3093,24.3082,24.3085,24.3072,20.3305,20.342,20.3459,20.3541,20.3602,20.3629,20.3632,20.3583,20.361,30.7862,30.794,30.7983,30.8001,30.8028,30.8049,30.8019,30.8043,30.8017,-29.4407,-29.3383,-29.2699,-29.2213,-29.1798,-29.1458,-29.1181,-29.0965,-29.0803,-0.1001,0.948,1.4832,1.8356,2.0375,2.1467,2.2125,2.2653,2.3167,31.6612,31.7727,31.8306,31.8749,31.9049,31.9242,31.9363,31.9444,31.9533,20.7838,21.0302,21.1932,21.3132,21.3978,21.4551,21.4939,21.5233,21.5447
CG,-30.7808,-30.7781,-30.7762,-30.7745,-30.7749,-30.7742,-30.775,-30.7741,42.8072,42.8287,42.8431,42.8547,42.8644,42.8739,42.8773,42.8822,42.8872,41.4878,41.5635,41.6091,41.6421,41.6691,41.6881,41.7017,41.7091,41.7194,24.5887,24.5903,24.5897,24.591,24.5929,24.5943,24.5921,24.5908,24.5918,20.7078,20.7226,20.7298,20.7343,20.7404,20.7463,20.7466,20.7438,20.7488,30.8417,30.8519,30.8528,30.8564,30.858,30.8588,30.857,30.8566,30.8575,-29.4272,-29.2894,-29.195,-29.1223,-29.0688,-29.0254,-28.9929,-28.9634,-28.9429,-3.3548,-1.9776,-1.3275,-0.9213,-0.6727,-0.5125,-0.41,-0.3519,-0.3116,31.6688,31.8222,31.8992,31.9507,31.9893,32.0159,32.0313,32.0426,32.0531,20.1264,20.4527,20.6618,20.813,20.9197,20.9958,21.0446,21.0796,21.1063
CG,-30.7267,-30.7254,-30.7231,-30.7221,-30.7239,-30.7228,-30.722,-30.7214,42.7791,42.7946,42.8094,42.8224,42.8289,42.8312,42.8371,42.8455,42.8469,41.3598,41.4187,41.4581,41.4878,41.5061,41.5177,41.5301,41.5427,41.5507,24.6557,24.6575,24.659,24.6616,24.6613,24.6586,24.6587,24.6605,24.6616,20.7861,20.7978,20.8049,20.8141,20.8156,20.816,20.8222,20.821,20.8257,30.8481,30.8528,30.8562,30.8618,30.8632,30.8606,30.86,30.8606,30.8625,-29.6005,-29.494,-29.4163,-29.3626,-29.3302,-29.2978,-29.2663,-29.2426,-29.2229,-5.1924,-4.177,-3.6638,-3.3602,-3.1938,-3.0836,-2.9934,-2.9342,-2.9026,31.5382,31.656,31.7209,31.7663,31.7929,31.8083,31.8247,31.841,31.8505,19.7852,20.0341,20.1949,20.3133,20.393,20.4507,20.4897,20.5233,20.5442
CG,-30.8463,-30.8405,-30.838,-30.8368,-30.8383,-30.8372,-30.8391,-30.8357,42.8875,42.9148,42.9349,42.9532,42.9652,42.9736,42.9804,42.9868,42.9935,41.6983,41.7878,41.8461,41.8909,41.9201,41.9401,41.9565,41.9699,41.9829,24.5204,24.5201,24.5235,24.5262,24.5253,24.5235,24.5231,24.5235,24.5259,20.6404,20.6544,20.6738,20.6834,20.6897,20.692,20.6946,20.6906,20.6964,30.8502,30.862,30.8652,30.8709,30.8733,30.8715,30.8696,30.8687,30.8699,-29.2541,-29.0819,-28.9766,-28.8888,-28.8249,-28.7798,-28.7319,-28.6877,-28.6591,-1.4258,0.2524,1.0556,1.5626,1.8697,2.0521,2.1602,2.2315,2.2955,31.9398,32.1207,32.2187,32.284,32.3285,32.3567,32.3766,32.3903,32.4079,20.4219,20.8268,21.0896,21.2774,21.4081,21.4975,21.5591,21.6029,21.637
CG,-30.7668,-30.7627,-30.7617,-30.7615,-30.7604,-30.7586,-30.7591,-30.7592,42.7941,42.8194,42.8348,42.8464,42.8569,42.8657,42.8729,42.8793,42.8827,41.4704,41.5578,41.604,41.641,41.6678,41.6892,41.7012,41.7114,41.7207,24.6026,24.6058,24.6049,24.6058,24.6094,24.6113,24.6071,24.6071,24.6072,20.7238,20.7421,20.7471,20.7554,20.7617,20.7689,20.7673,20.7652,20.7687,30.8438,30.8524,30.857,30.8542,30.8567,30.8611,30.8637,30.8613,30.8609,-29.415,-29.2553,-29.1617,-29.0909,-29.0351,-28.9908,-28.9544,-28.9201,-28.8936,-3.2369,-1.7127,-1.0105,-0.5891,-0.3375,-0.1777,-0.0735,-0.0176,0.0214,31.6725,31.8434,31.9256,31.9808,32.0207,32.0475,32.0654,32.0752,32.0874,20.0809,20.4441,20.6763,20.8387,20.9508,21.0298,21.0827,21.1189,21.146
CG,-31.1891,-31.1859,-31.1827,-31.1828,-31.1826,-31.1838,-31.1816,-31.183,42.935,42.9613,42.9741,42.9838,42.9965,43.0024,43.0088,43.0159,43.0181,41.8901,41.9686,42.0157,42.0447,42.0732,42.0867,42.1018,42.1153,42.1205,24.1241,24.127,24.1298,24.1281,24.1301,24.129,24.1296,24.1304,24.1281,20.0738,20.093,20.1035,20.1058,20.1144,20.1145,20.1172,20.1151,20.1156,30.7004,30.714,30.7164,30.7175,30.7225,30.7228,30.7242,30.7286,30.7219,-29.2201,-29.0753,-28.989,-28.9157,-28.86,-28.821,-28.7883,-28.7511,-28.7251,5.6146,7.2827,8.0495,8.5625,8.8621,9.0315,9.1893,9.2714,9.3409,31.6553,31.8167,31.8982,31.9503,31.9913,32.0114,32.0346,32.0498,32.0568,22.0884,22.444,22.678,22.8493,22.9704,23.0528,23.1157,23.1572,23.1866
