,treatment,Ch11.142,Ch11.143,Ch11.144,Ch11.145,Ch11.146,Ch11.147,Ch11.148,Ch11.149,Ch11.150,Ch12.141.9,Ch12.142.9,Ch12.143.9,Ch12.144.9,Ch12.146,Ch12.147,Ch12.148,Ch12.149,Ch12.150,Ch13.141.9,Ch13.142.9,Ch13.143.9,Ch13.144.9,Ch13.146,Ch13.147,Ch13.148,Ch13.149,Ch13.150,Ch14.141.9,Ch14.142.9,Ch14.143.9,Ch14.144.9,Ch14.146,Ch14.147,Ch14.148,Ch14.149,Ch14.150,Ch21.141.9,Ch21.142.9,Ch21.143.9,Ch21.144.9,Ch21.146,Ch21.147,Ch21.148,Ch21.149,Ch21.150,Ch23.141.9,Ch23.142.9,Ch23.143.9,Ch23.144.9,Ch23.146,Ch23.147,Ch23.148,Ch23.149,Ch23.150,Ch24.141.9,Ch24.142.9,Ch24.143.9,Ch24.144.9,Ch24.146,Ch24.147,Ch24.148,Ch24.149,Ch24.150,Ch31.141.9,Ch31.142.9,Ch31.143.9,Ch31.144.9,Ch31.146,Ch31.147,Ch31.148,Ch31.149,Ch31.150,Ch32.141.9,Ch32.142.9,Ch32.143.9,Ch32.144.9,Ch32.146,Ch32.147,Ch32.148,Ch32.149,Ch32.150,Ch33.141.9,Ch33.142.9,Ch33.143.9,Ch33.144.9,Ch33.146,Ch33.147,Ch33.148,Ch33.149
DC01,Control,-32.0414,-32.0387,-32.0369,-32.0353,-32.0338,-32.0326,-32.0311,-32.0302,43.1256,43.1315,43.136,43.1413,43.146,43.1517,43.1565,43.1585,43.1606,42.8025,42.8202,42.8329,42.8485,42.8656,42.8779,42.8878,42.8946,42.901,23.1498,23.1531,23.153,23.154,23.1557,23.1571,23.1588,23.1602,23.1617,19.1247,19.1316,19.1308,19.1358,19.1401,19.1424,19.1546,19.1514,19.1524,30.6545,30.6572,30.6608,30.6623,30.666,30.6648,30.6673,30.6695,30.6687,-28.4964,-28.4636,-28.4311,-28.3948,-28.3637,-28.3332,-28.3058,-28.2891,-28.2707,11.1372,11.6032,11.8961,12.3234,12.6979,12.9206,13.0572,13.1459,13.2125,32.1636,32.202,32.2252,32.2593,32.2931,32.3144,32.3314,32.3416,32.35,21.4776,21.5431,21.5936,21.6565,21.7221,21.7727,21.8126,21.8408,21.8629
DC03,Control,-31.6228,-31.6216,-31.6181,-31.6178,-31.6153,-31.618,-31.6145,-31.6154,43.0285,43.0374,43.0385,43.0457,43.0505,43.0539,43.0548,43.0606,43.0613,42.3805,42.3972,42.4057,42.4244,42.4385,42.4484,42.4537,42.4621,42.4635,23.6512,23.6556,23.654,23.6583,23.658,23.6603,23.6593,23.6618,23.6607,19.6598,19.665,19.6656,19.6733,19.6761,19.6834,19.6826,19.683,19.6837,30.7394,30.7424,30.7425,30.7446,30.7521,30.7492,30.7507,30.7523,30.7486,-29.0871,-29.0551,-29.0347,-28.9982,-28.9706,-28.9525,-28.9295,-28.9179,-28.9024,5.3722,5.6662,5.9008,6.2381,6.5483,6.6682,6.7909,6.8459,6.9051,31.8817,31.9138,31.9324,31.9678,31.9957,32.0101,32.0208,32.0333,32.0364,21.657,21.6995,21.7342,21.7839,21.834,21.8712,21.9027,21.9261,21.9403
DC04,Control,-32.3749,-32.3721,-32.3697,-32.3691,-32.3672,-32.3646,-32.3648,-32.3659,43.1143,43.1141,43.1184,43.1212,43.1226,43.1291,43.133,43.1345,43.1345,43.0265,43.028,43.0365,43.044,43.0538,43.0652,43.0715,43.0741,43.0802,22.7306,22.7312,22.7357,22.7376,22.7365,22.7395,22.7423,22.7418,22.7416,18.6479,18.6494,18.6573,18.6563,18.6597,18.6641,18.6652,18.664,18.6671,30.5644,30.5632,30.5658,30.5668,30.5686,30.5723,30.5722,30.5716,30.5737,-28.0757,-28.0795,-28.0616,-28.0487,-28.0233,-28.0004,-27.9846,-27.9691,-27.9524,15.786,15.9097,16.0239,16.3317,16.6667,16.9057,17.0305,17.1293,17.2439,32.2735,32.2811,32.2928,32.3108,32.3351,32.3564,32.3695,32.3768,32.3873,22.1607,22.1556,22.1564,22.1819,22.2205,22.2605,22.2899,22.3137,22.3374
DC09,Control,-32.237,-32.2367,-32.2325,-32.2326,-32.2311,-32.2312,-32.2295,-32.2297,43.1604,43.1713,43.1788,43.1862,43.1892,43.1966,43.1962,43.2027,43.2019,43.0317,43.0637,43.0835,43.1043,43.1155,43.129,43.1319,43.1424,43.1431,22.8985,22.8997,22.8999,22.9038,22.9025,22.9065,22.9044,22.9071,22.9048,18.8367,18.8462,18.8524,18.8615,18.8606,18.8638,18.8648,18.868,18.8661,30.6029,30.6048,30.6079,30.6117,30.6131,30.6164,30.6124,30.6159,30.6143,-27.9564,-27.8888,-27.849,-27.8019,-27.7667,-27.7389,-27.7183,-27.6997,-27.6876,15.9798,16.9682,17.4849,17.8624,18.1161,18.2748,18.3698,18.4393,18.4735,32.4032,32.4768,32.5181,32.5555,32.5771,32.5964,32.603,32.6184,32.6208,21.971,22.1188,22.2314,22.3226,22.394,22.4478,22.4854,22.5142,22.5337
DC10,Control,-31.871,-31.8673,-31.8657,-31.8624,-31.8623,-31.8618,-31.8621,-31.8612,43.1415,43.1601,43.1704,43.1806,43.1886,43.1958,43.1961,43.1987,43.2027,42.7878,42.843,42.8736,42.9016,42.9236,42.9393,42.9468,42.9522,42.9618,23.344,23.349,23.3488,23.3499,23.3518,23.3539,23.3519,23.35,23.352,19.3356,19.3501,19.3553,19.3638,19.367,19.3755,19.3755,19.3761,19.379,30.6973,30.7067,30.7074,30.7112,30.7138,30.7158,30.7123,30.7116,30.7111,-28.3514,-28.2414,-28.1705,-28.11,-28.0558,-28.0293,-27.9949,-27.9684,-27.9459,11.4413,12.7976,13.4643,13.991,14.3121,14.4628,14.5481,14.6269,14.7021,32.3237,32.4395,32.4977,32.549,32.5856,32.6078,32.6186,32.6284,32.6398,21.4787,21.7063,21.8758,22.0091,22.1116,22.1808,22.2275,22.2633,22.2872
DC11,Control,-31.5566,-31.554,-31.5523,-31.5504,-31.5499,-31.5487,-31.5491,-31.5474,43.0675,43.08,43.087,43.0972,43.104,43.111,43.1147,43.1176,43.1195,42.4488,42.4886,42.5149,42.5413,42.5586,42.5703,42.5797,42.5863,42.5909,23.7232,23.7257,23.7243,23.7273,23.7302,23.7304,23.7302,23.7306,23.7309,19.7444,19.7571,19.7604,19.7644,19.771,19.7779,19.7791,19.776,19.777,30.7586,30.7674,30.7655,30.7676,30.7743,30.7739,30.774,30.7751,30.7733,-28.8305,-28.7539,-28.701,-28.6481,-28.6082,-28.5805,-28.5591,-28.5317,-28.5173,6.786,7.6808,8.1969,8.6142,8.8688,8.9934,9.0624,9.1152,9.1522,32.0871,32.1679,32.2155,32.2604,32.2909,32.308,32.3192,32.3303,32.336,22.1646,22.3269,22.4471,22.5496,22.6293,22.6859,22.7285,22.7589,22.7782
DC12,Control,-31.2587,-31.2544,-31.2521,-31.2512,-31.2517,-31.2509,-31.2505,-31.2487,42.9956,43.0177,43.0319,43.0424,43.0532,43.0613,43.0631,43.0689,43.0746,42.2185,42.2899,42.3327,42.3665,42.3901,42.4062,42.4153,42.4274,42.4382,24.0572,24.0576,24.0598,24.0618,24.0646,24.0631,24.0616,24.0628,24.0637,20.1271,20.1432,20.1525,20.1614,20.1691,20.1687,20.1716,20.1722,20.1767,30.8066,30.816,30.8197,30.8221,30.8267,30.8248,30.8241,30.8237,30.8256,-28.9429,-28.8043,-28.7132,-28.6411,-28.5924,-28.5503,-28.5134,-28.4873,-28.4525,3.2151,4.84,5.5803,6.0274,6.3059,6.4714,6.5641,6.6209,6.6795,32.0651,32.2203,32.2969,32.3505,32.388,32.4112,32.4247,32.4376,32.4505,21.4376,21.7786,22.0046,22.1655,22.2771,22.3549,22.4065,22.4428,22.4721
DC14,Control,-31.9492,-31.9451,-31.9427,-31.9398,-31.9402,-31.9397,-31.9408,-31.9386,43.1482,43.1599,43.1726,43.1834,43.1897,43.1931,43.1958,43.2007,43.2043,42.8219,42.8651,42.8968,42.9235,42.9418,42.9526,42.9599,42.9698,42.9795,23.2555,23.2563,23.2588,23.2619,23.2633,23.262,23.2609,23.2619,23.2651,19.2414,19.2482,19.258,19.2639,19.2706,19.271,19.27,19.2725,19.2799,30.6796,30.6843,30.6917,30.6958,30.6964,30.6952,30.6934,30.6949,30.7002,-28.3352,-28.2421,-28.1782,-28.1198,-28.0784,-28.0471,-28.0169,-27.9941,-27.971,12.0845,13.2715,13.905,14.377,14.6691,14.8337,14.9538,15.0414,15.088,32.3031,32.3954,32.4545,32.5021,32.5322,32.5495,32.5628,32.5774,32.5887,21.4609,21.6579,21.8083,21.9269,22.0185,22.0839,22.1281,22.1634,22.1859
DC15,Control,-31.5005,-31.4973,-31.4951,-31.4951,-31.4937,-31.4935,-31.4945,-31.4919,43.0656,43.0855,43.0968,43.1075,43.1115,43.118,43.1268,43.1264,43.1319,42.4398,42.496,42.5311,42.5596,42.5786,42.59,42.6054,42.6092,42.6176,23.7855,23.7899,23.7923,23.7924,23.7909,23.7914,23.7936,23.7916,23.7945,19.822,19.8352,19.8404,19.8518,19.8483,19.8525,19.8589,19.8553,19.8587,30.7711,30.7843,30.7863,30.7895,30.7906,30.7876,30.7901,30.7867,30.7903,-28.7958,-28.6864,-28.6155,-28.5544,-28.5087,-28.4738,-28.4435,-28.4237,-28.4022,6.5526,7.7876,8.3904,8.8735,9.1675,9.2743,9.3848,9.4293,9.4349,32.1401,32.2558,32.317,32.3681,32.3989,32.4152,32.4355,32.44,32.4498,23.1718,23.3779,23.5261,23.6456,23.7346,23.7946,23.8372,23.8652,23.8856
DC16,Control,-31.1414,-31.1375,-31.1363,-31.1354,-31.1344,-31.1337,-31.136,-31.1339,42.9489,42.9702,42.9879,42.9987,43.0056,43.0156,43.0196,43.0227,43.0283,42.037,42.1082,42.1556,42.1841,42.205,42.2248,42.2372,42.2458,42.2554,24.195,24.1995,24.2034,24.2013,24.202,24.2049,24.2037,24.2045,24.205,20.2886,20.306,20.3188,20.3231,20.3248,20.3344,20.3353,20.3336,20.338,30.8319,30.8426,30.8497,30.8494,30.8508,30.8556,30.8538,30.8518,30.854,-29.2207,-29.082,-28.997,-28.9404,-28.8876,-28.8517,-28.8175,-28.7915,-28.7641,-0.0224,1.3918,2.0883,2.5156,2.735,2.8809,2.9952,3.0477,3.0835,31.8929,32.0384,32.1193,32.1694,32.2,32.2258,32.2434,32.2522,32.2646,20.8156,21.1325,21.3466,21.4975,21.6006,21.6728,21.7247,21.7577,21.7831
DC17,Control,-32.1436,-32.1403,-32.1385,-32.1374,-32.1356,-32.1351,-32.1355,-32.1348,43.1516,43.162,43.1714,43.1771,43.1855,43.1865,43.1927,43.1947,43.1988,42.9556,42.9931,43.0177,43.0379,43.0554,43.0631,43.0746,43.0776,43.0869,23.0125,23.0161,23.0152,23.0178,23.0178,23.0174,23.0209,23.0186,23.0222,18.9648,18.9691,18.9779,18.9851,18.9881,18.9927,18.9964,18.9968,19.0005,30.6272,30.6321,30.6345,30.6354,30.6377,30.6352,30.6423,30.6367,30.6413,-28.0984,-28.0223,-27.9652,-27.9135,-27.8768,-27.8536,-27.8252,-27.8089,-27.7876,14.3169,15.4221,15.9994,16.3743,16.6646,16.8011,16.9125,16.9772,17.0314,32.3585,32.4433,32.4917,32.5269,32.5593,32.5712,32.5892,32.5947,32.6057,21.665,21.8347,21.9652,22.0665,22.1478,22.2029,22.245,22.2726,22.2943
DC18,Control,-31.2974,-31.2923,-31.2914,-31.291,-31.289,-31.2889,-31.2889,-31.288,42.994,43.0155,43.028,43.0403,43.0476,43.0564,43.0631,43.0674,43.0705,42.2202,42.2869,42.3292,42.3601,42.3826,42.3998,42.4133,42.4241,42.4315,24.013,24.0168,24.0178,24.0197,24.0189,24.02,24.0199,24.0202,24.0202,20.0804,20.1017,20.1063,20.1152,20.1179,20.121,20.124,20.1265,20.128,30.7987,30.8046,30.8105,30.8132,30.8153,30.8137,30.8168,30.8173,30.8143,-29.0055,-28.8755,-28.7939,-28.7262,-28.6732,-28.6315,-28.5974,-28.5699,-28.5417,3.2442,4.7587,5.4768,5.9442,6.2353,6.4119,6.5277,6.6067,6.6654,32.0168,32.1612,32.2376,32.2892,32.3261,32.351,32.3692,32.3827,32.393,21.4907,21.8078,22.0199,22.1741,22.2862,22.3638,22.4178,22.4569,22.486
DE01,SE,-32.4821,-32.4786,-32.4751,-32.4727,-32.4733,-32.4703,-32.4723,-32.4702,43.7713,43.7997,43.8178,43.83,43.8461,43.8514,43.8643,43.871,43.8774,42.1664,42.2534,42.3033,42.3416,42.3763,42.3963,42.4169,42.4291,42.443,22.6629,22.6719,22.6725,22.6742,22.6762,22.6762,22.6792,22.6771,22.6805,18.4711,18.4946,18.5025,18.5114,18.521,18.5214,18.5305,18.525,18.536,30.5055,30.5169,30.5209,30.5172,30.5295,30.5196,30.5238,30.5234,30.5241,-31.6218,-31.4642,-31.36,-31.2754,-31.2046,-31.1507,-31.1136,-31.0674,-31.0305,2.3299,4.1862,5.1554,5.7681,6.2346,6.513,6.714,6.8619,6.9549,30.2037,30.3849,30.4803,30.5465,30.6022,30.6347,30.665,30.6823,30.7011,34.1256,34.6156,34.9256,35.1359,35.2923,35.398,35.4743,35.5287,35.5691
DE02,SE,-31.8151,-31.8096,-31.8055,-31.8032,-31.8015,-31.8007,-31.8,-31.8003,43.7021,43.7557,43.7917,43.8188,43.8436,43.8651,43.8792,43.894,43.906,41.9548,42.1305,42.2362,42.3116,42.3694,42.4131,42.4464,42.4727,42.4941,23.4463,23.4535,23.456,23.4582,23.4602,23.4617,23.4618,23.4615,23.4621,19.4054,19.4422,19.4653,19.4817,19.4955,19.5038,19.5051,19.5119,19.5125,30.6828,30.7062,30.716,30.7194,30.7261,30.7284,30.7265,30.7282,30.7281,-31.3669,-31.0407,-30.8359,-30.6758,-30.5553,-30.4553,-30.3708,-30.3028,-30.2444,-0.7581,2.6605,4.3725,5.4262,6.1097,6.5573,6.8565,7.0678,7.2303,30.5999,30.9594,31.1447,31.2658,31.3518,31.4139,31.4563,31.4923,31.5193,32.4833,33.4724,34.0672,34.4542,34.7082,34.8778,34.9938,35.0759,35.1358
DE03,SE,-32.1704,-32.1709,-32.1702,-32.1702,-32.1701,-32.1689,-32.1675,-32.1673,43.9137,43.8926,43.8796,43.8768,43.8691,43.8606,43.8561,43.8546,43.8517,42.5701,42.5028,42.469,42.4521,42.4399,42.4255,42.4162,42.4117,42.4071,23.038,23.0352,23.0371,23.04,23.0402,23.0385,23.0402,23.0424,23.0442,18.9141,18.8997,18.8978,18.8928,18.8955,18.8877,18.888,18.8934,18.8878,30.5861,30.5769,30.5734,30.5727,30.5743,30.5733,30.5705,30.5752,30.5773,-30.4882,-30.6185,-30.692,-30.7317,-30.7625,-30.7896,-30.8189,-30.8351,-30.8514,0.6678,-0.6777,-1.2262,-1.3919,-1.4594,-1.5222,-1.5922,-1.6304,-1.642,31.1881,31.0486,30.9862,30.9626,30.9476,30.9322,30.9204,30.9157,30.9114,35.9192,35.4999,35.2678,35.1559,35.0968,35.0536,35.0232,35.0032,34.9915
DE04,SE,-31.7326,-31.7293,-31.7262,-31.7249,-31.7231,-31.7228,-31.7217,-31.7216,43.5292,43.5601,43.5776,43.5977,43.6079,43.6222,43.6295,43.6403,43.6458,41.5322,41.6287,41.6823,41.7326,41.7664,41.7978,41.816,41.8367,41.8482,23.5662,23.5722,23.5715,23.5756,23.5754,23.5778,23.576,23.5787,23.576,19.5427,19.5652,19.5739,19.5822,19.589,19.5986,19.5975,19.6053,19.602,30.6801,30.6935,30.6946,30.7038,30.703,30.7068,30.7078,30.708,30.707,-32.0604,-31.9017,-31.797,-31.7008,-31.6332,-31.57,-31.5221,-31.477,-31.4454,-7.3498,-5.7556,-4.9513,-4.3328,-3.8903,-3.5962,-3.4144,-3.275,-3.1749,29.9882,30.1797,30.2743,30.3566,30.4113,30.4564,30.4813,30.5081,30.5235,31.1893,31.6643,31.9474,32.1592,32.3132,32.4228,32.4943,32.5478,32.5865
DE06,SE,-31.5336,-31.5286,-31.526,-31.5267,-31.5261,-31.5245,-31.5269,-31.5252,43.5295,43.5796,43.6065,43.6308,43.6494,43.661,43.6778,43.6868,43.6975,41.5302,41.6824,41.7695,41.833,41.8751,41.9055,41.9339,41.9499,41.969,23.7786,23.7852,23.786,23.7874,23.7863,23.7858,23.7883,23.7857,23.7881,19.7885,19.8225,19.8311,19.8474,19.8527,19.8538,19.8594,19.8608,19.8708,30.7153,30.7361,30.739,30.7431,30.746,30.7432,30.7471,30.7432,30.744,-31.6988,-31.4347,-31.2604,-31.1349,-31.055,-30.9813,-30.9145,-30.8606,-30.8206,-5.7443,-3.1977,-1.9189,-1.1862,-0.7585,-0.5316,-0.3534,-0.2444,-0.1739,30.2789,30.5817,30.73,30.8253,30.8849,30.9199,30.9538,30.9731,30.9933,31.2115,31.9953,32.4617,32.7537,32.9336,33.0412,33.1144,33.1621,33.1943
DE07,SE,-32.3745,-32.3687,-32.3665,-32.3645,-32.3637,-32.3646,-32.3625,-32.3623,43.7989,43.8284,43.8508,43.8695,43.8802,43.8962,43.9038,43.9123,43.9211,42.1742,42.2766,42.3442,42.3912,42.4232,42.4509,42.4688,42.487,42.5007,22.7957,22.7991,22.8038,22.8048,22.8046,22.807,22.8048,22.8082,22.8061,18.6248,18.646,18.6623,18.6668,18.6746,18.6821,18.6827,18.6891,18.69,30.539,30.5512,30.561,30.5637,30.5668,30.5688,30.5688,30.568,30.5695,-31.485,-31.2893,-31.1663,-31.06,-30.9926,-30.924,-30.8755,-30.8324,-30.7953,2.8618,5.2182,6.3768,7.1355,7.5593,7.8509,8.0543,8.1843,8.322,30.3244,30.5464,30.6672,30.7497,30.7989,30.8388,30.8655,30.8892,30.9078,33.9723,34.5995,34.9885,35.2519,35.418,35.5341,35.6125,35.6718,35.7185
DE09,SE,-31.7695,-31.7641,-31.7612,-31.7599,-31.7589,-31.7581,-31.7564,-31.7578,43.6831,43.7393,43.7749,43.8008,43.824,43.8408,43.8561,43.8701,43.8827,41.9335,42.1099,42.2153,42.2884,42.3423,42.3812,42.4126,42.4376,42.4597,23.5011,23.5095,23.5122,23.5134,23.5139,23.5142,23.5143,23.5158,23.514,19.4692,19.5053,19.526,19.5407,19.5514,19.5603,19.5682,19.5673,19.5709,30.6877,30.7094,30.7212,30.7275,30.7304,30.7324,30.7298,30.7311,30.7311,-31.3389,-31.0168,-30.8153,-30.6573,-30.5377,-30.4523,-30.3704,-30.3056,-30.2432,-1.1443,2.2507,3.9308,4.9511,5.5707,5.9537,6.2111,6.3968,6.5365,30.6321,30.9911,31.1753,31.2926,31.371,31.4242,31.464,31.495,31.5191,32.3149,33.2953,33.8852,34.2643,34.5066,34.66,34.7631,34.8381,34.894
DE10,SE,-32.0631,-32.0651,-32.0641,-32.0642,-32.0641,-32.0639,-32.0635,-32.0623,43.9187,43.9033,43.8903,43.8817,43.877,43.8716,43.8662,43.8593,43.8545,42.5588,42.5048,42.4738,42.4548,42.4392,42.4273,42.4159,42.4067,42.3995,23.1689,23.1673,23.1677,23.1684,23.1685,23.1681,23.1685,23.1673,23.168,19.0731,19.0615,19.0556,19.0524,19.0491,19.0479,19.0456,19.0473,19.0471,30.6133,30.6054,30.6012,30.6039,30.6027,30.6008,30.5988,30.6002,30.6011,-30.4,-30.5092,-30.576,-30.6201,-30.6561,-30.6836,-30.7071,-30.7296,-30.7555,0.1407,-0.9838,-1.4401,-1.6377,-1.7786,-1.8794,-1.9556,-2.0203,-2.0751,31.256,31.1411,31.0862,31.0572,31.0372,31.0202,31.0083,30.9967,30.9869,35.6552,35.2971,35.0959,34.9897,34.9231,34.8776,34.842,34.8172,34.7948
DE11,SE,-31.5092,-31.5023,-31.5021,-31.4991,-31.501,-31.5002,-31.4995,-31.499,43.4861,43.5217,43.5473,43.5617,43.5786,43.5893,43.6005,43.6089,43.616,41.4166,41.5352,41.611,41.6584,41.6978,41.7233,41.7473,41.7645,41.7793,23.8135,23.8159,23.8194,23.8175,23.821,23.8187,23.8221,23.8184,23.8209,19.8274,19.8469,19.864,19.8706,19.8785,19.8827,19.8857,19.8892,19.8892,30.6988,30.7132,30.7214,30.7221,30.7227,30.7261,30.7248,30.7256,30.7265,-31.8084,-31.6003,-31.4683,-31.3659,-31.2952,-31.2371,-31.1741,-31.1344,-31.0969,-7.0912,-5.1343,-4.1475,-3.5508,-3.2018,-2.9531,-2.8059,-2.6729,-2.6033,30.1428,30.3785,30.5048,30.578,30.6305,30.6658,30.6954,30.7174,30.7328,30.9253,31.535,31.9019,32.1361,32.2846,32.3818,32.4477,32.4955,32.5261
DE12,SE,-31.6772,-31.6701,-31.6689,-31.666,-31.6652,-31.6651,-31.6646,-31.6654,43.5724,43.6107,43.6372,43.6555,43.6739,43.6892,43.6958,43.7093,43.7165,41.6304,41.7561,41.8361,41.8926,41.9352,41.9671,41.9893,42.0112,42.0231,23.6235,23.6279,23.6316,23.6302,23.6318,23.6318,23.6319,23.6338,23.631,19.6149,19.6394,19.6579,19.6676,19.6798,19.6833,19.6873,19.6876,19.6876,30.7017,30.7155,30.7228,30.7275,30.7283,30.7305,30.7272,30.7304,30.7306,-31.7689,-31.5477,-31.4075,-31.2915,-31.2054,-31.1355,-31.0787,-31.026,-30.9885,-5.9182,-3.6786,-2.5558,-1.7902,-1.2993,-0.995,-0.8393,-0.7252,-0.6461,30.2207,30.4773,30.6139,30.7067,30.771,30.8173,30.8422,30.8696,30.8846,31.3902,32.0557,32.4588,32.7292,32.9147,33.0376,33.11,33.161,33.194
DE13,SE,-32.2955,-32.2901,-32.2875,-32.2864,-32.2863,-32.2848,-32.2863,-32.2833,43.7812,43.8221,43.8433,43.864,43.878,43.8916,43.901,43.9104,43.9207,42.1268,42.2479,42.3179,42.3712,42.4064,42.4349,42.4585,42.4749,42.4926,22.8847,22.8936,22.8933,22.8966,22.8965,22.8959,22.8992,22.897,22.9007,18.7249,18.7534,18.7652,18.7784,18.7849,18.791,18.7967,18.8007,18.8048,30.5586,30.5765,30.5835,30.589,30.5879,30.591,30.5914,30.5898,30.5917,-31.5139,-31.2916,-31.152,-31.0402,-30.9649,-30.8929,-30.8372,-30.7915,-30.7436,2.2018,4.7779,6.0519,6.8452,7.2828,7.608,7.7927,7.9626,8.0787,30.3298,30.5835,30.7122,30.8028,30.8555,30.8995,30.9285,30.9513,30.9749,33.6569,34.3618,34.7935,35.0768,35.2573,35.3824,35.4662,35.5277,35.5747
DE14,SE,-31.9655,-31.9655,-31.9654,-31.9641,-31.9636,-31.9647,-31.9635,-31.9641,43.8966,43.8788,43.8695,43.8618,43.8542,43.8472,43.8426,43.8394,43.8371,42.4951,42.4378,42.4099,42.3905,42.3736,42.3598,42.3501,42.3432,42.3375,23.2864,23.2856,23.2879,23.2898,23.2896,23.2872,23.2886,23.2894,23.2914,19.2084,19.1981,19.1956,19.1973,19.1907,19.1834,19.1835,19.1841,19.1839,30.6351,30.6309,30.6294,30.6291,30.6264,30.6242,30.6231,30.6232,30.6257,-30.4737,-30.5784,-30.6403,-30.6823,-30.7224,-30.7499,-30.7742,-30.7991,-30.8184,-1.1664,-2.2525,-2.6938,-2.9112,-3.0675,-3.1666,-3.2242,-3.2721,-3.3231,31.2328,31.1176,31.0655,31.0368,31.0122,30.9944,30.9829,30.9748,30.9689,35.2485,34.8925,34.696,34.5914,34.5219,34.478,34.4451,34.4215,34.4005
DE15,SE,-31.5336,-31.5301,-31.5264,-31.5268,-31.5258,-31.5246,-31.5246,-31.5245,43.4867,43.5226,43.5432,43.5616,43.5755,43.5869,43.6002,43.6066,43.6163,41.4263,41.5437,41.6102,41.6621,41.6961,41.7209,41.7458,41.76,41.775,23.7861,23.7923,23.7905,23.7937,23.7913,23.7912,23.7951,23.7912,23.7942,19.7787,19.8072,19.8157,19.8279,19.8327,19.8365,19.8432,19.8447,19.85,30.6964,30.7125,30.7163,30.7147,30.7201,30.7194,30.7228,30.7205,30.7207,-31.8373,-31.6433,-31.5119,-31.4178,-31.3409,-31.2879,-31.2337,-31.1913,-31.1558,-7.07,-5.1652,-4.2183,-3.6427,-3.2749,-3.0659,-2.9008,-2.7833,-2.7131,30.1145,30.3457,30.4585,30.5368,30.5861,30.618,30.6494,30.6666,30.684,30.9855,31.5703,31.9157,32.1442,32.2909,32.3812,32.4484,32.4929,32.5239
DE16,SE,-31.7296,-31.7214,-31.7185,-31.7175,-31.7161,-31.7155,-31.716,-31.7175,43.652,43.7053,43.7413,43.7673,43.7895,43.8063,43.8194,43.8304,43.8419,41.8814,42.0538,42.155,42.2263,42.2766,42.3135,42.343,42.3662,42.3864,23.552,23.5603,23.5625,23.5638,23.5646,23.5645,23.5648,23.5645,23.5641,19.527,19.5578,19.5803,19.596,19.608,19.6138,19.6191,19.6233,19.6228,30.6987,30.7234,30.7324,30.7382,30.7403,30.7414,30.7412,30.7404,30.7393,-31.3785,-31.0605,-30.8663,-30.7265,-30.6137,-30.5252,-30.4471,-30.3875,-30.3392,-1.9731,1.273,2.8759,3.8291,4.3869,4.7315,4.965,5.1302,5.2559,30.6033,30.9533,31.1305,31.2418,31.3146,31.3635,31.4003,31.4302,31.4522,32.117,33.063,33.6269,33.9861,34.2114,34.3558,34.4508,34.5176,34.568
DE18,SE,-31.6285,-31.622,-31.6199,-31.6175,-31.6166,-31.6169,-31.6146,-31.6163,43.5776,43.6226,43.6544,43.6754,43.6947,43.7119,43.723,43.735,43.744,41.6542,41.801,41.8919,41.9577,42.0076,42.0454,42.0696,42.0944,42.1091,23.6732,23.6787,23.6834,23.6823,23.6841,23.685,23.6833,23.685,23.6841,19.6862,19.7134,19.7306,19.7411,19.7521,19.7613,19.7617,19.7696,19.7651,30.7116,30.7287,30.7401,30.7425,30.7428,30.745,30.7465,30.7451,30.7451,-31.6645,-31.4,-31.2265,-31.1014,-30.9955,-30.9084,-30.851,-30.7959,-30.7491,-5.3118,-2.6976,-1.3933,-0.5013,0.0827,0.4411,0.6227,0.7507,0.8406,30.3393,30.636,30.7909,30.8975,30.9724,31.026,31.0546,31.0834,31.1,31.4073,32.1828,32.6507,32.9629,33.1796,33.3211,33.4032,33.4624,33.4994
DF01,SF,-34.2022,-34.2035,-34.2013,-34.1999,-34.199,-34.1969,-34.1957,-34.1932,44.5766,44.5667,44.5645,44.564,44.564,44.5607,44.5599,44.5626,44.5646,43.7765,43.7543,43.7427,43.7432,43.7432,43.7435,43.7447,43.7491,43.7522,20.2738,20.2737,20.2769,20.2798,20.2806,20.2817,20.2837,20.2879,20.2897,15.9363,15.9299,15.931,15.9322,15.9323,15.9322,15.9333,15.9393,15.9428,29.8844,29.8829,29.8829,29.8841,29.8842,29.8838,29.884,29.8862,29.8881,-27.0832,-27.1414,-27.1759,-27.1867,-27.1918,-27.1919,-27.1822,-27.1818,-27.1768,37.9405,37.1903,36.7928,36.8527,37.0261,37.1608,37.2588,37.3561,37.4585,31.8482,31.7942,31.7643,31.7623,31.7666,31.7708,31.7739,31.7848,31.7921,49.7731,49.597,49.4551,49.3824,49.3504,49.3367,49.3337,49.3376,49.3435
DF02,SF,-33.166,-33.1647,-33.1615,-33.1606,-33.1586,-33.1563,-33.1559,-33.1561,44.2564,44.258,44.262,44.2671,44.2719,44.2719,44.2753,44.2801,44.2839,43.9633,43.9676,43.9769,43.9914,44.0011,44.0083,44.018,44.0252,44.0309,21.6722,21.6745,21.6778,21.6809,21.6804,21.6815,21.6833,21.6855,21.685,17.4359,17.4391,17.4412,17.4471,17.4513,17.4508,17.4529,17.4568,17.4615,30.218,30.2185,30.2204,30.2245,30.2261,30.2273,30.2256,30.2268,30.2294,-28.5515,-28.5419,-28.5235,-28.4942,-28.4704,-28.449,-28.4273,-28.4126,-28.394,29.4033,29.6253,29.7871,30.1832,30.5242,30.7362,30.8855,31.0228,31.1425,32.0091,32.0231,32.0375,32.0684,32.0927,32.1092,32.124,32.1396,32.1505,44.6152,44.643,44.6671,44.731,44.7995,44.8552,44.9,44.9395,44.9713
DF03,SF,-32.492,-32.4913,-32.4891,-32.4884,-32.4873,-32.486,-32.4837,-32.4844,44.0778,44.0761,44.0769,44.0812,44.0802,44.0822,44.0841,44.0826,44.0872,42.9635,42.96,42.9642,42.9736,42.9753,42.9818,42.9838,42.9843,42.9888,22.6141,22.6113,22.6162,22.618,22.6175,22.621,22.6208,22.6203,22.624,18.4436,18.4402,18.4457,18.4503,18.4513,18.4543,18.4555,18.4533,18.4574,30.5048,30.5072,30.5069,30.5086,30.5104,30.5092,30.5091,30.5108,30.5118,-29.7323,-29.7329,-29.7333,-29.7214,-29.7137,-29.702,-29.6845,-29.6776,-29.6784,10.1548,10.2078,10.2668,10.5005,10.6284,10.7038,10.7785,10.7871,10.826,31.5974,31.598,31.604,31.6242,31.633,31.644,31.6521,31.6522,31.6597,38.1152,38.1008,38.0959,38.1321,38.1614,38.1832,38.2013,38.2058,38.2184
DF04,SF,-34.966,-34.9685,-34.9694,-34.9669,-34.9646,-34.9634,-34.9613,-34.9604,45.0221,45.0123,45.0045,44.9964,44.994,44.9927,44.9894,44.9883,44.9854,44.1186,44.0867,44.064,44.0495,44.0457,44.0439,44.0378,44.0406,44.0361,19.1317,19.1323,19.1329,19.132,19.1358,19.1382,19.1391,19.1434,19.1427,14.8519,14.8423,14.8375,14.8353,14.8343,14.8376,14.8321,14.8338,14.8327,29.5565,29.5513,29.5496,29.5465,29.5462,29.5473,29.5435,29.5482,29.5461,-24.7917,-24.8765,-24.9442,-24.9941,-25.0162,-25.03,-25.0506,-25.0644,-25.0711,39.6411,39.5833,39.5991,39.6539,39.6812,39.7626,39.7581,39.7989,39.8254,32.1306,32.0545,32.0009,31.965,31.9522,31.9464,31.936,31.9383,31.9341,59.5909,59.3696,59.1612,58.9893,58.8619,58.7709,58.6878,58.6291,58.5754
DF05,SF,-32.8697,-32.8674,-32.8673,-32.8636,-32.8603,-32.8601,-32.8594,-32.8572,44.0431,44.0452,44.0464,44.0501,44.0545,44.0611,44.0658,44.0689,44.0715,43.4586,43.4637,43.4716,43.4871,43.5012,43.5133,43.5241,43.5337,43.5405,22.0987,22.1,22.1012,22.1025,22.1038,22.1043,22.105,22.1076,22.1077,17.8193,17.8225,17.8268,17.8286,17.8302,17.8353,17.8338,17.8371,17.8383,30.2969,30.2985,30.2971,30.3016,30.302,30.3028,30.3058,30.3066,30.3069,-29.7523,-29.7368,-29.7182,-29.6873,-29.6488,-29.6168,-29.592,-29.5728,-29.5529,21.3911,21.5863,21.8161,22.2607,22.6872,23.0006,23.2284,23.4068,23.5423,31.4467,31.4609,31.4782,31.5108,31.5437,31.5702,31.5898,31.608,31.6222,41.8784,41.9129,41.9418,42.0181,42.1028,42.1815,42.2406,42.29,42.3266
DF06,SF,-33.376,-33.3594,-33.3495,-33.3424,-33.3375,-33.334,-33.3313,-33.3291,44.323,44.4111,44.4704,44.5144,44.5529,44.5885,44.6132,44.64,44.6645,43.3297,43.591,43.7543,43.8726,43.965,44.0414,44.0971,44.1483,44.1944,21.4349,21.455,21.4628,21.4659,21.471,21.4755,21.4749,21.4798,21.4833,17.1593,17.2349,17.2838,17.3148,17.345,17.3712,17.3832,17.398,17.411,30.2653,30.312,30.3346,30.3464,30.3556,30.3646,30.3651,30.3669,30.3719,-28.9034,-28.3198,-27.9108,-27.5956,-27.3297,-27.1142,-26.9257,-26.7637,-26.6167,27.9391,36.2281,40.3332,42.7804,44.3548,45.4693,46.2492,46.8075,47.2771,31.3235,31.9331,32.2895,32.5282,32.7036,32.8416,32.9427,33.0254,33.1002,40.3186,42.1244,43.4286,44.3828,45.1005,45.6592,46.0996,46.4589,46.763
DF07,SF,-32.3662,-32.3629,-32.3606,-32.3609,-32.3598,-32.3588,-32.3579,-32.3564,44.0667,44.0722,44.0753,44.08,44.0802,44.0833,44.0862,44.0872,44.0904,42.9419,42.9568,42.9665,42.9816,42.9868,42.9951,42.9973,43.0005,43.005,22.7685,22.7713,22.7712,22.7752,22.7748,22.7782,22.7754,22.7771,22.7786,18.6129,18.6209,18.6244,18.6315,18.6326,18.6368,18.6366,18.6372,18.6394,30.5353,30.5448,30.5453,30.5497,30.5494,30.5507,30.5511,30.5514,30.5533,-29.6964,-29.66,-29.6442,-29.6236,-29.6087,-29.5949,-29.5871,-29.5766,-29.5626,9.2341,9.6438,9.8505,10.1269,10.2817,10.3565,10.4299,10.4432,10.5071,31.6774,31.715,31.7327,31.7629,31.7747,31.7875,31.7944,31.7965,31.8075,37.6783,37.7629,37.8159,37.8798,37.9256,37.9554,37.9768,37.9887,38.006
DF08,SF,-32.7903,-32.7873,-32.7844,-32.7844,-32.7837,-32.7825,-32.7803,-32.7801,44.0781,44.0907,44.1014,44.1107,44.1172,44.1196,44.123,44.1274,44.1357,43.5257,43.5664,43.5953,43.6188,43.6353,43.6454,43.6546,43.6627,43.6716,22.1867,22.1906,22.1928,22.1948,22.1951,22.1943,22.1958,22.1968,22.1982,17.913,17.9252,17.9366,17.9396,17.9485,17.9451,17.9537,17.9543,17.9533,30.3273,30.3337,30.3406,30.3433,30.3397,30.3397,30.3435,30.3421,30.3459,-29.4154,-29.3305,-29.2794,-29.2194,-29.1908,-29.1549,-29.135,-29.1049,-29.0856,23.0589,24.2246,24.8427,25.3471,25.6604,25.843,25.9528,26.0356,26.1199,31.6919,31.7843,31.8403,31.8871,31.9172,31.9351,31.9476,31.9608,31.9722,41.9362,42.217,42.3949,42.5404,42.6429,42.7133,42.7628,42.7992,42.832
DF09,SF,-33.8998,-33.8977,-33.8964,-33.8945,-33.8925,-33.8925,-33.8905,-33.8904,44.4863,44.4895,44.4898,44.4931,44.4938,44.494,44.4936,44.4926,44.4936,43.7068,43.7144,43.7156,43.7234,43.7276,43.7309,43.7342,43.7367,43.7391,20.7063,20.7098,20.7122,20.7135,20.7137,20.7146,20.7166,20.7182,20.7203,16.3776,16.3791,16.3808,16.3858,16.3852,16.3922,16.3937,16.3923,16.3995,30.0075,30.0134,30.013,30.0146,30.0147,30.0123,30.0153,30.0154,30.0165,-27.4652,-27.4563,-27.4559,-27.4395,-27.4283,-27.4179,-27.4137,-27.4089,-27.4039,34.8308,35.0287,35.1048,35.341,35.53,35.6524,35.7294,35.774,35.8075,31.89,31.9069,31.9121,31.9266,31.9392,31.948,31.9557,31.9601,31.9644,47.3267,47.3421,47.3507,47.3786,47.4129,47.4418,47.4647,47.4834,47.4984
DF10,SF,-32.9635,-32.9502,-32.9437,-32.9411,-32.9375,-32.9365,-32.9341,-32.9357,44.1725,44.2569,44.3145,44.3515,44.3824,44.4112,44.4315,44.4576,44.4729,43.1534,43.4076,43.5641,43.6642,43.7387,43.7967,43.8426,43.8851,43.9129,21.9839,22.0001,22.0055,22.007,22.0102,22.012,22.0127,22.0162,22.0153,17.7514,17.8224,17.8607,17.8902,17.9093,17.9245,17.9328,17.9449,17.9499,30.3916,30.4283,30.4503,30.4601,30.4627,30.4684,30.4676,30.4704,30.4698,-29.3077,-28.7493,-28.389,-28.1328,-27.9336,-27.7659,-27.6218,-27.5013,-27.4012,20.6645,28.4924,32.1306,34.0319,35.0901,35.8369,36.3905,36.8185,37.0956,31.4894,32.0649,32.3726,32.553,32.6723,32.7642,32.8306,32.8926,32.9321,38.3207,40.1075,41.2674,42.0221,42.5246,42.8831,43.1545,43.3785,43.5519
DF11,SF,-33.0466,-33.0445,-33.0409,-33.0383,-33.0383,-33.0375,-33.0368,-33.0355,44.263,44.2702,44.2774,44.2838,44.2893,44.2963,44.3003,44.3004,44.3017,43.9698,43.997,44.0161,44.0344,44.0506,44.0631,44.0701,44.0752,44.0795,21.8323,21.8319,21.8344,21.8364,21.8392,21.8411,21.8414,21.8398,21.841,17.6104,17.6205,17.6227,17.6271,17.6358,17.6384,17.6367,17.6407,17.6421,30.2665,30.272,30.2725,30.2751,30.2791,30.2794,30.2818,30.2801,30.2803,-28.4444,-28.3768,-28.3314,-28.2945,-28.2604,-28.233,-28.2107,-28.1914,-28.1712,28.679,29.6547,30.1349,30.5672,30.8538,31.0513,31.1935,31.2721,31.3135,32.1454,32.213,32.2532,32.2894,32.3171,32.3377,32.3532,32.3614,32.3675,44.0095,44.2237,44.3629,44.4831,44.5762,44.6466,44.6978,44.7336,44.7593
DF12,SF,-32.2476,-32.2459,-32.245,-32.2445,-32.2432,-32.2429,-32.2426,-32.2434,44.0493,44.0566,44.0586,44.0659,44.0651,44.0697,44.0704,44.0771,44.0748,42.9053,42.9292,42.9412,42.9583,42.9643,42.9748,42.9754,42.9825,42.9807,22.9116,22.9159,22.9148,22.918,22.9166,22.9195,22.9189,22.9199,22.9194,18.7811,18.789,18.7917,18.7961,18.7968,18.8003,18.7993,18.8022,18.8001,30.5747,30.5785,30.5775,30.5816,30.5815,30.5836,30.5822,30.5835,30.583,-29.7191,-29.675,-29.6448,-29.6164,-29.5911,-29.5826,-29.5649,-29.5504,-29.5458,7.8578,8.4097,8.7101,8.9846,9.1375,9.2364,9.2656,9.2976,9.2794,31.7184,31.77,31.795,31.8268,31.8399,31.8543,31.8565,31.8674,31.865,37.2033,37.3366,37.4187,37.4953,37.5432,37.5803,37.5984,37.6139,37.6159
DF13,SF,-33.6977,-33.6971,-33.6955,-33.693,-33.6906,-33.6914,-33.6908,-33.6896,44.4139,44.42,44.4196,44.4218,44.4254,44.4281,44.4269,44.4287,44.4315,43.6292,43.6396,43.6439,43.651,43.6599,43.6652,43.6669,43.6712,43.676,20.9854,20.9897,20.9897,20.9913,20.9952,20.9959,20.9957,20.9979,21.0018,16.6659,16.6736,16.6784,16.6802,16.6819,16.6874,16.6846,16.6891,16.6928,30.0844,30.0866,30.0881,30.0891,30.0916,30.0953,30.0916,30.0944,30.0954,-27.8199,-27.802,-27.7946,-27.772,-27.7586,-27.747,-27.7396,-27.7368,-27.7222,32.2965,32.6263,32.8078,33.0304,33.2116,33.3602,33.4437,33.4666,33.5218,31.8787,31.9049,31.9168,31.9319,31.9494,31.964,31.9696,31.9747,31.9835,45.7588,45.8068,45.844,45.8869,45.9325,45.9709,45.9977,46.0156,46.0322
DF14,SF,-34.4596,-34.4614,-34.4584,-34.4565,-34.4548,-34.4556,-34.4524,-34.4528,44.7666,44.7666,44.76,44.7609,44.7603,44.758,44.758,44.7587,44.7571,43.9805,43.9724,43.9638,43.9637,43.9635,43.9655,43.9641,43.966,43.9634,19.8896,19.8919,19.8899,19.8943,19.894,19.8976,19.8969,19.902,19.901,15.5641,15.5645,15.5619,15.5621,15.5648,15.5638,15.5636,15.5697,15.5657,29.7805,29.7821,29.7815,29.7811,29.7821,29.7833,29.783,29.7847,29.782,-26.0348,-26.0558,-26.0839,-26.0903,-26.095,-26.0931,-26.1025,-26.0933,-26.096,39.04,38.8508,38.77,38.8101,38.966,38.9875,39.0822,39.0767,39.133,32.082,32.0647,32.0467,32.0424,32.0468,32.0469,32.0482,32.0507,32.0512,53.0244,52.9479,52.8788,52.8339,52.8137,52.7938,52.7839,52.7714,52.761
DF15,SF,-32.7165,-32.7134,-32.7114,-32.7087,-32.7079,-32.7077,-32.7081,-32.7068,44.064,44.0799,44.0881,44.0977,44.1057,44.1146,44.118,44.1233,44.1245,43.5049,43.5535,43.5839,43.608,43.6287,43.6444,43.6555,43.6623,43.6682,22.2827,22.285,22.2849,22.2864,22.2875,22.2905,22.2902,22.2894,22.2903,18.0248,18.0372,18.0435,18.0509,18.0556,18.062,18.0638,18.0616,18.0635,30.3582,30.365,30.368,30.3698,30.3705,30.3722,30.3731,30.3746,30.3744,-29.4158,-29.3144,-29.2415,-29.1795,-29.1354,-29.0956,-29.0589,-29.035,-29.0198,21.9205,23.3359,24.0526,24.5658,24.8825,25.0987,25.2551,25.352,25.4088,31.7506,31.8629,31.9242,31.97,32.0044,32.0302,32.0488,32.0605,32.0683,41.5394,41.8851,42.1033,42.2636,42.3773,42.4593,42.5159,42.5582,42.5867
DF16,SF,-33.1093,-33.0936,-33.0852,-33.0794,-33.0782,-33.0767,-33.0759,-33.0759,44.2358,44.3256,44.3866,44.4313,44.4654,44.4933,44.5199,44.542,44.5581,43.2616,43.5291,43.6967,43.8118,43.8953,43.959,44.007,44.0438,44.0692,21.794,21.81,21.8167,21.823,21.8252,21.8248,21.8252,21.8279,21.8268,17.544,17.6147,17.6654,17.6963,17.7201,17.7367,17.7476,17.7638,17.7657,30.3452,30.3842,30.4071,30.4218,30.4285,30.4306,30.4333,30.4367,30.4343,-29.0767,-28.4764,-28.0749,-27.7828,-27.5465,-27.3575,-27.1979,-27.0738,-26.969,22.3883,31.0025,35.1085,37.3062,38.656,39.559,40.0916,40.3545,40.4577,31.5148,32.1276,32.4692,32.6821,32.8268,32.9328,33.0087,33.0611,33.0913,39.1287,41.0079,42.2881,43.1558,43.7634,44.2158,44.5449,44.7821,44.9525
DF17,SF,-32.8995,-32.8969,-32.8933,-32.8934,-32.8911,-32.8915,-32.8909,-32.8906,44.1397,44.1562,44.1625,44.1719,44.177,44.1846,44.1877,44.1928,44.1935,43.6625,43.7097,43.7344,43.7592,43.7739,43.7888,43.7952,43.8054,43.8091,22.0459,22.0515,22.0509,22.0542,22.0533,22.0544,22.0551,22.056,22.0547,17.7872,17.7985,17.8014,17.8078,17.8126,17.8181,17.8187,17.8201,17.825,30.2932,30.304,30.3051,30.31,30.3081,30.3105,30.3103,30.3124,30.3097,-29.2021,-29.1059,-29.0443,-28.9822,-28.9519,-28.9157,-28.8873,-28.8582,-28.837,24.8936,26.2308,26.8864,27.4213,27.7177,27.9486,28.0646,28.1951,28.2452,31.7515,31.856,31.9079,31.958,31.983,32.0109,32.0211,32.0376,32.044,42.5064,42.8138,43.0094,43.1649,43.2718,43.3522,43.4065,43.4536,43.4835
DF18,SF,-34.7032,-34.7031,-34.7033,-34.7009,-34.6986,-34.6989,-34.6952,-34.6962,44.9043,44.9002,44.8977,44.894,44.8928,44.893,44.8872,44.8904,44.8866,44.0793,44.0644,44.0557,44.0498,44.0481,44.0499,44.0454,44.0474,44.0448,19.5263,19.5278,19.5298,19.5298,19.5337,19.5369,19.5363,19.5406,19.5394,15.219,15.216,15.2152,15.2159,15.2164,15.22,15.2203,15.2261,15.224,29.6755,29.6736,29.6744,29.6722,29.6748,29.677,29.6747,29.6776,29.6745,-25.3047,-25.3465,-25.3795,-25.3988,-25.4144,-25.4156,-25.429,-25.4287,-25.4404,39.4009,39.2935,39.2893,39.412,39.4486,39.5604,39.5563,39.6187,39.6019,32.1621,32.1265,32.1033,32.0914,32.085,32.0907,32.0827,32.0882,32.0811,56.1551,56.0383,55.9283,55.8494,55.7896,55.7539,55.7153,55.6923,55.6601
DH01,CG,-30.6854,-30.6833,-30.6788,-30.6767,-30.6773,-30.6773,-30.6753,-30.6749,42.6657,42.6755,42.6824,42.692,42.7002,42.7051,42.7051,42.7112,42.7162,41.0008,41.0284,41.0525,41.0787,41.1027,41.1168,41.1252,41.1365,41.1479,24.7069,24.7076,24.7103,24.7138,24.7168,24.7158,24.7127,24.7156,24.7177,20.8436,20.8479,20.8543,20.8594,20.8652,20.8677,20.8633,20.867,20.8705,30.8316,30.8382,30.841,30.8428,30.8437,30.8454,30.841,30.845,30.8493,-30.1431,-30.0878,-30.051,-30.0023,-29.9566,-29.9384,-29.9121,-29.8896,-29.8656,-9.0255,-8.6183,-8.3061,-7.9643,-7.6938,-7.5179,-7.4143,-7.3442,-7.2567,30.9973,31.05,31.0903,31.1359,31.1773,31.2003,31.2138,31.2284,31.2447,19.1186,19.216,19.2937,19.3746,19.4489,19.5071,19.5442,19.5768,19.6023
DH02,CG,-30.8758,-30.8745,-30.8718,-30.8706,-30.8705,-30.87,-30.8687,-30.8699,42.7584,42.7621,42.7611,42.7654,42.7699,42.7705,42.776,42.7763,42.7775,41.3262,41.3312,41.3348,41.3474,41.36,41.366,41.375,41.3781,41.3815,24.5042,24.5078,24.5079,24.5091,24.511,24.5092,24.5119,24.5113,24.5102,20.6094,20.6117,20.6133,20.6201,20.6216,20.621,20.6241,20.6234,20.6256,30.8188,30.8234,30.8223,30.8273,30.8319,30.8299,30.8329,30.831,30.8292,-30.0022,-30.0063,-29.998,-29.9757,-29.9504,-29.9407,-29.9256,-29.9138,-29.9018,-7.0654,-7.0044,-6.9079,-6.6812,-6.5189,-6.4037,-6.318,-6.2792,-6.2172,31.2573,31.2675,31.2747,31.3024,31.3246,31.3369,31.3515,31.355,31.3635,19.6447,19.641,19.6463,19.6796,19.7118,19.7401,19.763,19.7771,19.7946
DH03,CG,-31.2134,-31.2121,-31.2067,-31.2051,-31.207,-31.2054,-31.2058,-31.2034,42.8802,42.8974,42.9039,42.9144,42.9228,42.9263,42.9337,42.9388,42.9422,41.7903,41.8357,41.8644,41.8944,41.9189,41.931,41.9461,41.9567,41.9624,24.0981,24.0991,24.0999,24.1038,24.1047,24.1023,24.1051,24.1045,24.1022,20.0129,20.028,20.0314,20.0411,20.0407,20.0421,20.0431,20.047,20.0468,30.675,30.6798,30.6828,30.6859,30.6861,30.6879,30.6864,30.6869,30.6858,-29.4188,-29.3282,-29.2777,-29.2185,-29.1612,-29.1291,-29.0917,-29.0653,-29.0465,4.9459,5.9681,6.5023,6.9749,7.349,7.5461,7.6772,7.7978,7.8552,31.4837,31.5816,31.6351,31.6892,31.7308,31.751,31.7719,31.7881,31.7963,22.0273,22.2416,22.3871,22.514,22.6181,22.6912,22.7451,22.787,22.8134
DH04,CG,-30.9744,-30.97,-30.968,-30.9687,-30.9672,-30.9661,-30.9651,-30.9654,42.8626,42.8848,42.9013,42.913,42.9212,42.9285,42.9377,42.945,42.9493,41.6823,41.7534,41.8013,41.8345,41.8584,41.8788,41.8958,41.9098,41.9186,24.374,24.3763,24.3795,24.3811,24.3803,24.3806,24.3813,24.383,24.383,20.4402,20.4523,20.4655,20.4739,20.4776,20.4773,20.4803,20.4863,20.485,30.8166,30.829,30.8313,30.8328,30.8317,30.8356,30.8344,30.8357,30.8354,-29.3746,-29.2411,-29.1541,-29.0827,-29.0337,-28.9876,-28.9431,-28.9106,-28.8793,-0.6816,0.6749,1.3564,1.8166,2.1323,2.3385,2.4776,2.5658,2.6258,31.7125,31.8552,31.937,31.9907,32.0307,32.059,32.0832,32.1003,32.1127,20.6385,20.9517,21.159,21.3142,21.4303,21.5105,21.5706,21.6127,21.6439
DH05,CG,-30.7413,-30.7405,-30.7389,-30.7367,-30.7354,-30.7369,-30.7365,-30.7335,42.7042,42.71,42.7147,42.7179,42.7259,42.7291,42.7292,42.7343,42.7375,41.1462,41.1666,41.1809,41.1959,41.2137,41.2245,41.2303,41.2398,41.2484,24.6456,24.6492,24.6502,24.6482,24.6516,24.6529,24.6513,24.6518,24.6548,20.768,20.775,20.7768,20.7794,20.7879,20.7889,20.7909,20.7902,20.79,30.8277,30.8329,30.8333,30.8318,30.835,30.832,30.8336,30.8371,30.8382,-30.0023,-29.9732,-29.9492,-29.9172,-29.8925,-29.8719,-29.8523,-29.839,-29.8213,-8.0403,-7.7443,-7.556,-7.2859,-7.058,-6.9408,-6.8467,-6.7577,-6.7103,31.1614,31.1999,31.224,31.2528,31.287,31.3034,31.3134,31.3283,31.3387,19.3723,19.4265,19.4696,19.5227,19.5797,19.6192,19.649,19.6774,19.6985
DH06,CG,-30.7058,-30.7038,-30.7018,-30.6989,-30.6988,-30.6981,-30.6974,-30.6975,42.6885,42.7029,42.7078,42.7184,42.7284,42.7306,42.7364,42.7427,42.7456,41.0755,41.1113,41.1343,41.1626,41.1868,41.1979,41.2093,41.2219,41.2266,24.685,24.6903,24.6895,24.6906,24.6939,24.6927,24.6914,24.6952,24.6926,20.8286,20.842,20.8412,20.8396,20.852,20.8487,20.8489,20.8582,20.8529,30.8313,30.8384,30.8397,30.8408,30.8458,30.8418,30.8441,30.8455,30.8472,-30.0839,-30.0272,-29.9841,-29.9343,-29.8889,-29.8638,-29.8396,-29.8191,-29.8053,-8.5952,-8.0988,-7.798,-7.4078,-7.1458,-7.0194,-6.9117,-6.8511,-6.8175,31.0917,31.1582,31.1963,31.2467,31.2868,31.3044,31.3215,31.3368,31.3431,19.201,19.3223,19.4054,19.4925,19.5707,19.6228,19.6613,19.6899,19.709
DH07,CG,-31.1889,-31.1859,-31.1832,-31.1828,-31.1823,-31.1818,-31.1819,-31.1816,42.899,42.9225,42.9363,42.9463,42.9554,42.9617,42.9657,42.972,42.9751,41.8686,41.9415,41.9829,42.0162,42.0388,42.0563,42.067,42.0797,42.0846,24.1143,24.1204,24.1202,24.1226,24.1218,24.1235,24.121,24.1242,24.1205,20.0362,20.0542,20.0609,20.072,20.0714,20.0758,20.0725,20.0776,20.0748,30.6842,30.6924,30.7007,30.7009,30.7015,30.7049,30.7033,30.7041,30.7051,-29.1649,-29.0289,-28.9421,-28.872,-28.8234,-28.7781,-28.748,-28.7165,-28.6931,6.6224,8.1599,8.9182,9.3943,9.7038,9.85,9.9588,10.0214,10.0708,31.6933,31.8418,31.9185,31.9734,32.0102,32.0339,32.0485,32.0636,32.0709,22.1465,22.4849,22.7092,22.8736,22.9902,23.0685,23.1238,23.1616,23.1856
DH08,CG,-30.9175,-30.912,-30.9096,-30.9125,-30.9111,-30.9107,-30.9096,-30.909,42.846,42.8755,42.8939,42.9062,42.9144,42.9233,42.9328,42.94,42.9438,41.6612,41.7513,41.8051,41.8424,41.8686,41.8872,41.9051,41.9184,41.9286,24.4347,24.4382,24.4423,24.4435,24.4421,24.4413,24.4418,24.4452,24.4455,20.5185,20.5372,20.5545,20.5582,20.5621,20.5665,20.567,20.5709,20.5721,30.828,30.8394,30.8447,30.8498,30.8486,30.8477,30.8525,30.8481,30.8497,-29.3201,-29.1544,-29.0516,-28.9758,-28.9139,-28.8645,-28.8263,-28.7908,-28.7603,-0.9224,0.7429,1.5183,1.9802,2.2554,2.432,2.55,2.625,2.6667,31.7705,31.951,32.0439,32.101,32.1365,32.1637,32.1868,32.2026,32.2141,20.4768,20.8682,21.1188,21.2959,21.418,21.5007,21.5616,21.6029,21.6324
DH09,CG,-30.6776,-30.6749,-30.6736,-30.6721,-30.6708,-30.6716,-30.672,-30.672,42.7264,42.7501,42.7648,42.7739,42.7812,42.7914,42.7933,42.7973,42.8048,41.1847,41.2521,41.2945,41.3271,41.3492,41.3682,41.3783,41.3875,41.3986,24.7088,24.7122,24.7158,24.7166,24.7153,24.718,24.7161,24.715,24.7179,20.8484,20.866,20.8763,20.8802,20.882,20.8906,20.89,20.8868,20.8885,30.8459,30.8549,30.8574,30.8605,30.8614,30.8649,30.863,30.8632,30.8649,-29.7987,-29.6804,-29.6064,-29.5456,-29.5034,-29.4647,-29.4337,-29.4098,-29.3883,-6.9235,-5.8849,-5.3703,-4.9822,-4.7397,-4.6301,-4.5779,-4.5135,-4.4802,31.3329,31.4623,31.5321,31.5831,31.6175,31.6411,31.6521,31.663,31.6757,19.4102,19.6685,19.8361,19.9666,20.0627,20.1249,20.1691,20.1968,20.222
DH10,CG,-30.657,-30.6531,-30.6518,-30.6515,-30.6513,-30.6517,-30.6511,-30.6506,42.6855,42.7012,42.7147,42.7208,42.7241,42.7295,42.7353,42.7376,42.744,41.0842,41.1358,41.1747,41.1971,41.2105,41.2222,41.233,41.241,41.2498,24.7328,24.7331,24.7374,24.7361,24.7348,24.7341,24.734,24.7348,24.7353,20.8696,20.8771,20.8876,20.8919,20.8954,20.8948,20.8975,20.8954,20.8962,30.8342,30.8389,30.8453,30.8469,30.8438,30.8451,30.8449,30.8458,30.8459,-29.8545,-29.7612,-29.6977,-29.6532,-29.6167,-29.5945,-29.5685,-29.5479,-29.5323,-7.4546,-6.599,-6.168,-5.9334,-5.8005,-5.7169,-5.6573,-5.6123,-5.5818,31.2072,31.3093,31.3707,31.4036,31.422,31.4388,31.4512,31.4609,31.4682,19.3044,19.5187,19.662,19.759,19.8264,19.8721,19.9051,19.9311,19.9509
DH11,CG,-30.8454,-30.8421,-30.8429,-30.8412,-30.8408,-30.8403,-30.8407,-30.8404,42.802,42.81,42.8172,42.8214,42.8251,42.8287,42.8298,42.8356,42.8307,41.4294,41.4574,41.4798,41.491,41.5019,41.5099,41.5143,41.5219,41.5218,24.5335,24.534,24.5386,24.5359,24.538,24.5363,24.5372,24.5379,24.5369,20.6488,20.6528,20.6572,20.6589,20.661,20.663,20.662,20.6665,20.6655,30.8349,30.8369,30.8401,30.8405,30.8414,30.8407,30.8406,30.8426,30.8422,-29.7122,-29.6629,-29.6237,-29.598,-29.5737,-29.5643,-29.5452,-29.5294,-29.5231,-5.333,-4.8288,-4.5692,-4.3784,-4.291,-4.2044,-4.1863,-4.1352,-4.1333,31.4755,31.5304,31.566,31.5892,31.6042,31.6173,31.6209,31.6315,31.6314,19.902,20.0146,20.0909,20.1493,20.1911,20.2232,20.2419,20.258,20.2676
DH12,CG,-30.6995,-30.6962,-30.6949,-30.6947,-30.6942,-30.6954,-30.6937,-30.6931,42.7165,42.7321,42.7459,42.756,42.7603,42.7629,42.7696,42.7725,42.7761,41.2043,41.2628,41.3014,41.3266,41.3416,41.353,41.3643,41.3748,41.3808,24.6834,24.6851,24.689,24.6903,24.689,24.6874,24.6873,24.689,24.6896,20.817,20.828,20.8405,20.8475,20.8478,20.8451,20.8492,20.8554,20.8526,30.8367,30.847,30.8518,30.8556,30.857,30.8552,30.8546,30.8584,30.8584,-29.786,-29.6845,-29.6179,-29.5704,-29.5316,-29.501,-29.4812,-29.457,-29.4406,-6.7625,-5.7785,-5.3093,-5.0443,-4.9003,-4.8053,-4.7385,-4.6976,-4.6756,31.3325,31.4493,31.5124,31.5497,31.5712,31.5864,31.6012,31.6119,31.6194,19.442,19.6759,19.8289,19.9354,20.0078,20.0575,20.0957,20.1214,20.14
DH13,CG,-30.9443,-30.939,-30.9369,-30.9367,-30.9355,-30.9376,-30.9353,-30.936,42.8571,42.8828,42.902,42.9132,42.9266,42.9312,42.9399,42.9467,42.9501,41.689,41.7723,41.828,41.8603,41.8894,41.908,41.9215,41.9357,41.9426,24.4066,24.4088,24.4113,24.4102,24.413,24.4132,24.411,24.4138,24.4116,20.4786,20.4964,20.506,20.5142,20.5196,20.5235,20.5248,20.5304,20.5329,30.825,30.8358,30.8423,30.8444,30.8446,30.8437,30.8466,30.8473,30.8459,-29.3141,-29.156,-29.0425,-28.9763,-28.9147,-28.8658,-28.8189,-28.7874,-28.7614,-0.4896,1.1496,1.9229,2.3867,2.6667,2.8053,2.9211,2.996,3.026,31.7765,31.9487,32.0398,32.0936,32.137,32.1589,32.1778,32.1956,32.2033,20.5786,20.9598,21.2083,21.3847,21.5073,21.5856,21.6446,21.6831,21.7099
DH14,CG,-30.6647,-30.6615,-30.6603,-30.6589,-30.6588,-30.6583,-30.6602,-30.6591,42.6954,42.7086,42.7209,42.7282,42.7342,42.7396,42.7451,42.7488,42.7514,41.0952,41.1469,41.1814,41.2055,41.2234,41.2349,41.2471,41.2547,41.2619,24.7238,24.7244,24.7276,24.7277,24.7273,24.7277,24.7287,24.7299,24.7288,20.8556,20.8663,20.8729,20.8806,20.8795,20.8838,20.8846,20.8863,20.8866,30.8365,30.8416,30.8475,30.8474,30.8481,30.8489,30.8475,30.85,30.8475,-29.8717,-29.7816,-29.7143,-29.6673,-29.629,-29.6121,-29.5866,-29.5658,-29.5534,-7.5032,-6.6604,-6.2492,-5.9788,-5.8354,-5.7521,-5.6927,-5.6458,-5.6041,31.2024,31.3031,31.3587,31.3955,31.4194,31.4354,31.4484,31.4592,31.4669,19.3141,19.523,19.6622,19.7638,19.8354,19.8827,19.9141,19.9405,19.9585
DH15,CG,-30.7135,-30.7114,-30.7092,-30.7088,-30.709,-30.7092,-30.7075,-30.7082,42.7344,42.747,42.757,42.7635,42.7684,42.7712,42.7789,42.7806,42.7825,41.2395,41.2846,41.3165,41.3382,41.3498,41.3608,41.3724,41.3788,41.3822,24.6711,24.6712,24.6737,24.6754,24.6731,24.6728,24.6756,24.6759,24.6754,20.8047,20.8109,20.8176,20.8215,20.8231,20.82,20.8257,20.829,20.8291,30.8368,30.8406,30.8453,30.8426,30.8438,30.8455,30.8507,30.8479,30.8456,-29.7521,-29.6678,-29.6194,-29.5736,-29.5452,-29.5261,-29.4981,-29.4769,-29.4606,-6.5517,-5.7539,-5.3561,-5.1197,-4.983,-4.8892,-4.8304,-4.8024,-4.7812,31.3589,31.4505,31.5041,31.5368,31.5561,31.5712,31.5867,31.5942,31.5985,19.5564,19.7417,19.8628,19.9514,20.0112,20.0563,20.0891,20.1105,20.1236
DH16,CG,-30.8268,-30.8241,-30.8234,-30.8229,-30.8227,-30.8234,-30.8232,-30.8234,42.7932,42.8041,42.813,42.816,42.8229,42.8227,42.828,42.8278,42.8312,41.4331,41.4646,41.4887,41.5012,41.5142,41.5172,41.5265,41.5287,41.5359,24.5482,24.5494,24.553,24.5509,24.5529,24.5503,24.553,24.5509,24.5544,20.6573,20.6631,20.6715,20.6732,20.6766,20.6729,20.6762,20.6788,20.6831,30.834,30.8395,30.8411,30.8427,30.847,30.8437,30.8438,30.8428,30.8457,-29.6406,-29.5839,-29.5415,-29.5168,-29.4935,-29.4874,-29.4652,-29.4582,-29.4361,-5.0209,-4.4689,-4.1781,-3.9994,-3.8967,-3.8427,-3.8032,-3.7722,-3.756,31.5068,31.5697,31.6096,31.6306,31.6484,31.6537,31.6654,31.6677,31.6762,19.9574,20.0835,20.1711,20.2315,20.2751,20.3053,20.3241,20.3401,20.3513
DH17,CG,-31.165,-31.1596,-31.158,-31.1588,-31.1579,-31.1571,-31.1577,-31.1596,42.896,42.9212,42.9355,42.9499,42.9581,42.9639,42.9718,42.9795,42.9819,41.8673,41.948,41.9977,42.0349,42.0574,42.073,42.0899,42.1022,42.1094,24.1395,24.145,24.1479,24.1498,24.1478,24.1477,24.149,24.1496,24.1475,20.0696,20.0857,20.1009,20.1126,20.113,20.1185,20.1254,20.1242,20.1233,30.702,30.7123,30.7182,30.726,30.7232,30.7241,30.7244,30.7252,30.725,-29.128,-28.9749,-28.8765,-28.8,-28.7467,-28.6982,-28.6613,-28.6253,-28.6036,6.259,7.9704,8.7922,9.3279,9.6378,9.7835,9.8829,9.9743,10.0302,31.7527,31.9169,32.0055,32.0658,32.103,32.1252,32.1456,32.1621,32.1706,21.9415,22.3231,22.5768,22.7601,22.8857,22.9686,23.0277,23.0712,23.1004
DH18,CG,-30.6625,-30.6593,-30.6577,-30.6564,-30.6568,-30.6573,-30.6558,-30.6567,42.7246,42.748,42.7605,42.7746,42.7854,42.7906,42.7986,42.8027,42.8064,41.2014,41.2778,41.3206,41.3581,41.3829,41.396,41.412,41.423,41.4279,24.7235,24.7263,24.7254,24.7265,24.7284,24.7255,24.7264,24.7272,24.7261,20.8679,20.8843,20.8875,20.8972,20.8993,20.9011,20.9046,20.9058,20.9043,30.851,30.8596,30.86,30.8642,30.8665,30.8617,30.8644,30.8652,30.8646,-29.7341,-29.6023,-29.5206,-29.4511,-29.399,-29.3634,-29.327,-29.3044,-29.2804,-6.4874,-5.2834,-4.711,-4.2701,-4.066,-3.9601,-3.8819,-3.8562,-3.8195,31.3876,31.5332,31.6044,31.6636,31.6983,31.7142,31.7341,31.7438,31.7502,19.4358,19.739,19.9328,20.0789,20.1824,20.245,20.2933,20.3213,20.3439
